Date,Open,High,Low,Close,Volume
2016.06.21 16:30,94.79,96.06,94.76,96.04,1728
2016.06.21 17:00,96.03,96.04,95.64,95.94,1304
2016.06.21 17:30,95.95,96.04,95.80,95.87,1070
2016.06.21 18:00,95.87,96.26,95.81,96.07,936
2016.06.21 18:30,96.08,96.25,96.00,96.23,590
2016.06.21 19:00,96.23,96.27,96.04,96.26,525
2016.06.21 19:30,96.25,96.29,95.96,96.04,600
2016.06.21 20:00,96.04,96.17,95.97,96.06,475
2016.06.21 20:30,96.06,96.06,95.75,95.85,660
2016.06.21 21:00,95.85,96.06,95.80,95.99,601
2016.06.21 21:30,95.99,96.21,95.95,96.09,544
2016.06.21 22:00,96.10,96.22,95.94,96.18,626
2016.06.21 22:30,96.20,96.23,95.85,95.87,822
2016.06.22 16:30,96.24,96.82,96.20,96.54,930
2016.06.22 17:00,96.55,96.68,96.36,96.51,690
2016.06.22 17:30,96.51,96.81,96.40,96.71,900
2016.06.22 18:00,96.72,96.77,96.52,96.63,493
2016.06.22 18:30,96.63,96.63,96.25,96.29,654
2016.06.22 19:00,96.29,96.33,95.60,95.77,838
2016.06.22 19:30,95.78,95.78,95.49,95.71,793
2016.06.22 20:00,95.71,95.71,95.31,95.45,1027
2016.06.22 20:30,95.45,95.78,95.41,95.68,608
2016.06.22 21:00,95.69,95.80,95.58,95.73,417
2016.06.22 21:30,95.73,95.77,95.54,95.61,433
2016.06.22 22:00,95.61,95.80,95.45,95.48,799
2016.06.22 22:30,95.50,95.71,95.32,95.49,1145
2016.06.23 16:30,95.79,95.79,95.19,95.63,1280
2016.06.23 17:00,95.63,95.90,95.55,95.83,737
2016.06.23 17:30,95.82,95.94,95.65,95.89,712
2016.06.23 18:00,95.89,95.95,95.60,95.62,527
2016.06.23 18:30,95.63,95.75,95.55,95.69,599
2016.06.23 19:00,95.70,95.75,95.59,95.71,380
2016.06.23 19:30,95.71,95.73,95.57,95.65,463
2016.06.23 20:00,95.66,95.72,95.56,95.62,378
2016.06.23 20:30,95.63,95.72,95.57,95.72,349
2016.06.23 21:00,95.74,95.76,95.49,95.52,475
2016.06.23 21:30,95.52,95.62,95.46,95.48,366
2016.06.23 22:00,95.49,95.52,95.34,95.39,302
2016.06.23 22:30,95.39,96.03,95.36,95.99,836
2016.06.24 16:30,93.00,94.58,92.97,94.22,3408
2016.06.24 17:00,94.21,94.42,93.65,93.86,2924
2016.06.24 17:30,93.85,94.03,93.72,93.77,2244
2016.06.24 18:00,93.77,93.84,93.53,93.78,2185
2016.06.24 18:30,93.77,94.31,93.76,94.07,2460
2016.06.24 19:00,94.08,94.13,93.73,93.78,1796
2016.06.24 19:30,93.78,93.87,93.50,93.60,1355
2016.06.24 20:00,93.60,93.85,93.52,93.67,1499
2016.06.24 20:30,93.68,93.77,93.49,93.60,1088
2016.06.24 21:00,93.59,93.69,93.23,93.30,1104
2016.06.24 21:30,93.30,93.39,92.98,93.18,1506
2016.06.24 22:00,93.18,93.32,92.76,92.89,1777
2016.06.24 22:30,92.88,93.80,92.84,93.29,3004
2016.06.27 16:30,92.83,92.90,91.75,92.10,1301
2016.06.27 17:00,92.09,92.32,91.89,91.90,892
2016.06.27 17:30,91.91,92.14,91.66,91.67,1054
2016.06.27 18:00,91.66,92.02,91.56,91.81,1615
2016.06.27 18:30,91.82,92.04,91.76,91.92,1936
2016.06.27 19:00,91.92,92.14,91.81,92.08,1587
2016.06.27 19:30,92.09,92.10,91.71,91.86,1564
2016.06.27 20:00,91.85,92.10,91.76,91.96,1864
2016.06.27 20:30,91.96,92.01,91.55,91.71,2371
2016.06.27 21:00,91.72,91.78,91.50,91.73,1883
2016.06.27 21:30,91.73,91.87,91.46,91.53,2477
2016.06.27 22:00,91.54,91.77,91.45,91.60,1600
2016.06.27 22:30,91.60,92.22,91.55,92.02,1913
2016.06.28 16:30,92.93,93.00,92.46,92.86,1615
2016.06.28 17:00,92.85,92.88,92.71,92.75,438
2016.06.28 17:30,92.76,92.81,92.37,92.45,798
2016.06.28 18:00,92.45,92.56,92.09,92.11,1221
2016.06.28 18:30,92.11,92.53,92.09,92.49,853
2016.06.28 19:00,92.49,92.56,92.31,92.38,536
2016.06.28 19:30,92.39,92.67,92.33,92.67,718
2016.06.28 20:00,92.67,92.68,92.43,92.55,953
2016.06.28 20:30,92.56,92.82,92.50,92.76,678
2016.06.28 21:00,92.76,92.86,92.60,92.79,658
2016.06.28 21:30,92.79,93.22,92.79,93.11,888
2016.06.28 22:00,93.12,93.44,93.04,93.44,796
2016.06.28 22:30,93.45,93.60,93.30,93.52,1202
2016.06.29 16:30,93.82,94.43,93.80,94.37,1268
2016.06.29 17:00,94.36,94.39,93.79,94.03,931
2016.06.29 17:30,94.04,94.16,93.58,93.68,881
2016.06.29 18:00,93.69,94.14,93.68,94.09,776
2016.06.29 18:30,94.09,94.26,93.90,94.26,573
2016.06.29 19:00,94.25,94.45,94.22,94.38,487
2016.06.29 19:30,94.38,94.38,94.07,94.16,487
2016.06.29 20:00,94.16,94.28,94.08,94.21,364
2016.06.29 20:30,94.22,94.37,94.19,94.31,350
2016.06.29 21:00,94.31,94.42,94.25,94.37,454
2016.06.29 21:30,94.38,94.48,94.28,94.33,540
2016.06.29 22:00,94.33,94.49,94.29,94.48,457
2016.06.29 22:30,94.49,94.49,94.30,94.33,706
2016.06.30 16:30,94.28,94.73,94.23,94.45,1270
2016.06.30 17:00,94.46,94.78,94.31,94.45,635
2016.06.30 17:30,94.44,94.97,94.44,94.95,830
2016.06.30 18:00,94.96,95.36,94.90,95.31,1010
2016.06.30 18:30,95.31,95.43,95.21,95.41,827
2016.06.30 19:00,95.41,95.52,95.18,95.38,1114
2016.06.30 19:30,95.39,95.52,95.29,95.44,706
2016.06.30 20:00,95.45,95.50,95.30,95.39,638
2016.06.30 20:30,95.39,95.44,95.29,95.42,579
2016.06.30 21:00,95.42,95.69,95.41,95.58,557
2016.06.30 21:30,95.59,95.69,95.54,95.63,679
2016.06.30 22:00,95.63,95.71,95.48,95.63,614
2016.06.30 22:30,95.64,95.67,95.32,95.53,937
2016.07.01 16:30,95.52,95.81,95.27,95.68,980
2016.07.01 17:00,95.69,95.97,95.67,95.92,546
2016.07.01 17:30,95.93,96.29,95.89,96.27,698
2016.07.01 18:00,96.27,96.42,96.18,96.19,911
2016.07.01 18:30,96.19,96.23,95.98,96.19,657
2016.07.01 19:00,96.20,96.25,96.03,96.11,479
2016.07.01 19:30,96.11,96.18,96.05,96.08,480
2016.07.01 20:00,96.09,96.16,95.86,95.88,449
2016.07.01 20:30,95.87,95.97,95.79,95.85,519
2016.07.01 21:00,95.86,95.90,95.78,95.83,526
2016.07.01 21:30,95.83,95.95,95.73,95.85,475
2016.07.01 22:00,95.85,96.09,95.84,96.00,523
2016.07.01 22:30,96.01,96.05,95.84,95.85,655
2016.07.05 16:30,95.26,95.28,94.57,94.80,947
2016.07.05 17:00,94.81,94.81,94.45,94.62,533
2016.07.05 17:30,94.61,94.82,94.48,94.50,798
2016.07.05 18:00,94.49,94.72,94.41,94.57,872
2016.07.05 18:30,94.58,94.71,94.52,94.65,593
2016.07.05 19:00,94.65,94.94,94.63,94.94,445
2016.07.05 19:30,94.93,94.94,94.66,94.77,560
2016.07.05 20:00,94.79,94.79,94.63,94.68,324
2016.07.05 20:30,94.67,94.67,94.47,94.62,563
2016.07.05 21:00,94.61,94.78,94.59,94.66,472
2016.07.05 21:30,94.66,94.77,94.56,94.75,547
2016.07.05 22:00,94.75,94.85,94.70,94.75,472
2016.07.05 22:30,94.75,94.98,94.72,94.92,589
2016.07.06 16:30,94.71,95.02,94.51,94.88,1371
2016.07.06 17:00,94.87,95.33,94.55,94.55,1071
2016.07.06 17:30,94.57,94.75,94.32,94.73,982
2016.07.06 18:00,94.74,95.24,94.74,95.11,1130
2016.07.06 18:30,95.12,95.20,95.04,95.13,734
2016.07.06 19:00,95.14,95.60,95.14,95.50,927
2016.07.06 19:30,95.51,95.54,95.30,95.43,734
2016.07.06 20:00,95.42,95.56,95.23,95.29,630
2016.07.06 20:30,95.30,95.37,95.20,95.25,511
2016.07.06 21:00,95.25,95.30,94.97,95.13,1301
2016.07.06 21:30,95.13,95.49,95.12,95.45,641
2016.07.06 22:00,95.46,95.46,95.18,95.25,645
2016.07.06 22:30,95.25,95.47,95.24,95.45,704
2016.07.07 16:30,95.68,96.42,95.68,96.26,1083
2016.07.07 17:00,96.25,96.31,96.12,96.20,439
2016.07.07 17:30,96.21,96.44,95.97,96.05,515
2016.07.07 18:00,96.04,96.22,95.96,96.12,764
2016.07.07 18:30,96.12,96.14,95.83,96.13,838
2016.07.07 19:00,96.13,96.23,96.05,96.21,643
2016.07.07 19:30,96.22,96.24,95.90,95.94,694
2016.07.07 20:00,95.94,96.01,95.80,95.86,674
2016.07.07 20:30,95.87,95.98,95.74,95.88,634
2016.07.07 21:00,95.88,95.97,95.68,95.81,829
2016.07.07 21:30,95.81,95.88,95.56,95.63,844
2016.07.07 22:00,95.64,95.86,95.60,95.74,769
2016.07.07 22:30,95.75,95.95,95.69,95.85,764
2016.07.08 16:30,96.38,96.82,96.00,96.67,2078
2016.07.08 17:00,96.66,96.71,96.36,96.53,645
2016.07.08 17:30,96.54,96.64,96.46,96.59,574
2016.07.08 18:00,96.60,96.70,96.49,96.66,520
2016.07.08 18:30,96.66,96.66,96.48,96.49,506
2016.07.08 19:00,96.49,96.61,96.40,96.55,516
2016.07.08 19:30,96.56,96.68,96.53,96.54,333
2016.07.08 20:00,96.55,96.68,96.52,96.67,307
2016.07.08 20:30,96.70,96.70,96.54,96.59,334
2016.07.08 21:00,96.62,96.62,96.45,96.55,419
2016.07.08 21:30,96.57,96.64,96.49,96.57,529
2016.07.08 22:00,96.58,96.69,96.54,96.58,589
2016.07.08 22:30,96.58,96.65,96.53,96.59,701
2016.07.11 16:30,97.01,97.58,96.88,97.38,895
2016.07.11 17:00,97.37,97.43,97.12,97.20,546
2016.07.11 17:30,97.19,97.42,97.19,97.33,537
2016.07.11 18:00,97.34,97.40,97.26,97.32,457
2016.07.11 18:30,97.32,97.36,97.18,97.27,380
2016.07.11 19:00,97.27,97.34,97.22,97.24,232
2016.07.11 19:30,97.25,97.34,97.24,97.32,312
2016.07.11 20:00,97.33,97.37,97.22,97.24,269
2016.07.11 20:30,97.24,97.24,97.11,97.14,262
2016.07.11 21:00,97.15,97.20,97.06,97.18,402
2016.07.11 21:30,97.20,97.20,97.06,97.10,259
2016.07.11 22:00,97.11,97.18,97.01,97.01,269
2016.07.11 22:30,97.00,97.04,96.88,96.91,528
2016.07.12 16:30,97.21,97.63,97.21,97.51,1118
2016.07.12 17:00,97.52,97.56,97.21,97.30,488
2016.07.12 17:30,97.31,97.39,97.28,97.34,251
2016.07.12 18:00,97.35,97.39,97.21,97.37,347
2016.07.12 18:30,97.38,97.43,97.31,97.40,342
2016.07.12 19:00,97.41,97.47,97.38,97.46,233
2016.07.12 19:30,97.47,97.47,97.35,97.35,309
2016.07.12 20:00,97.36,97.39,97.25,97.30,264
2016.07.12 20:30,97.31,97.37,97.20,97.23,424
2016.07.12 21:00,97.23,97.44,97.18,97.38,410
2016.07.12 21:30,97.38,97.44,97.30,97.32,443
2016.07.12 22:00,97.32,97.43,97.16,97.24,491
2016.07.12 22:30,97.24,97.36,97.17,97.33,573
2016.07.13 16:30,97.57,97.59,97.12,97.20,958
2016.07.13 17:00,97.21,97.35,97.12,97.26,394
2016.07.13 17:30,97.25,97.42,97.18,97.30,587
2016.07.13 18:00,97.31,97.40,97.01,97.13,669
2016.07.13 18:30,97.13,97.18,96.99,97.02,560
2016.07.13 19:00,97.03,97.10,96.88,96.94,487
2016.07.13 19:30,96.94,97.13,96.89,97.08,288
2016.07.13 20:00,97.08,97.20,97.01,97.01,340
2016.07.13 20:30,97.01,97.21,96.99,97.11,350
2016.07.13 21:00,97.11,97.25,97.06,97.21,327
2016.07.13 21:30,97.21,97.23,96.92,96.93,416
2016.07.13 22:00,96.93,97.00,96.79,96.95,315
2016.07.13 22:30,96.95,97.06,96.81,96.82,456
2016.07.14 16:30,97.38,97.72,97.27,97.62,845
2016.07.14 17:00,97.63,98.27,97.60,98.25,683
2016.07.14 17:30,98.26,98.51,98.22,98.34,999
2016.07.14 18:00,98.34,98.53,98.33,98.42,776
2016.07.14 18:30,98.43,98.49,98.30,98.36,599
2016.07.14 19:00,98.37,98.42,98.28,98.33,490
2016.07.14 19:30,98.34,98.57,98.34,98.40,521
2016.07.14 20:00,98.41,98.42,98.13,98.27,526
2016.07.14 20:30,98.27,98.44,98.24,98.37,430
2016.07.14 21:00,98.38,98.65,98.30,98.64,710
2016.07.14 21:30,98.61,98.81,98.54,98.72,450
2016.07.14 22:00,98.72,98.92,98.69,98.79,399
2016.07.14 22:30,98.80,98.88,98.72,98.72,311
2016.07.15 16:30,99.09,99.23,98.65,98.88,1504
2016.07.15 17:00,98.87,98.92,98.69,98.89,667
2016.07.15 17:30,98.90,98.90,98.77,98.85,455
2016.07.15 18:00,98.86,98.93,98.79,98.90,544
2016.07.15 18:30,98.90,98.93,98.56,98.57,678
2016.07.15 19:00,98.58,98.70,98.45,98.68,699
2016.07.15 19:30,98.68,98.71,98.57,98.68,515
2016.07.15 20:00,98.69,98.89,98.68,98.84,439
2016.07.15 20:30,98.85,98.88,98.81,98.86,301
2016.07.15 21:00,98.87,98.92,98.63,98.64,373
2016.07.15 21:30,98.64,98.78,98.54,98.71,481
2016.07.15 22:00,98.72,98.82,98.62,98.73,523
2016.07.15 22:30,98.74,98.76,98.64,98.70,353
2016.07.18 16:30,98.78,99.43,98.77,99.43,879
2016.07.18 17:00,99.44,99.89,99.41,99.89,520
2016.07.18 17:30,99.90,100.02,99.80,99.97,517
2016.07.18 18:00,99.97,100.08,99.87,99.87,657
2016.07.18 18:30,99.87,100.04,99.76,99.94,469
2016.07.18 19:00,99.94,99.95,99.81,99.85,525
2016.07.18 19:30,99.85,99.86,99.76,99.80,399
2016.07.18 20:00,99.81,99.91,99.72,99.85,502
2016.07.18 20:30,99.85,99.92,99.78,99.81,391
2016.07.18 21:00,99.82,99.83,99.57,99.79,412
2016.07.18 21:30,99.81,99.90,99.73,99.89,373
2016.07.18 22:00,99.89,99.89,99.77,99.84,343
2016.07.18 22:30,99.85,99.88,99.77,99.80,288
2016.07.19 16:30,99.58,99.90,99.37,99.65,1192
2016.07.19 17:00,99.64,99.93,99.54,99.85,409
2016.07.19 17:30,99.86,99.93,99.68,99.86,460
2016.07.19 18:00,99.87,99.93,99.61,99.66,572
2016.07.19 18:30,99.66,99.71,99.50,99.57,295
2016.07.19 19:00,99.57,99.67,99.54,99.65,247
2016.07.19 19:30,99.66,99.78,99.63,99.76,292
2016.07.19 20:00,99.76,99.78,99.70,99.73,269
2016.07.19 20:30,99.74,99.86,99.70,99.77,309
2016.07.19 21:00,99.77,99.81,99.73,99.80,255
2016.07.19 21:30,99.78,99.88,99.76,99.81,295
2016.07.19 22:00,99.82,99.88,99.72,99.74,391
2016.07.19 22:30,99.75,99.88,99.74,99.82,452
2016.07.20 16:30,99.93,100.38,99.84,100.17,1002
2016.07.20 17:00,100.16,100.19,99.80,99.98,516
2016.07.20 17:30,99.97,100.09,99.84,99.94,527
2016.07.20 18:00,99.95,99.99,99.86,99.95,347
2016.07.20 18:30,99.96,100.02,99.87,99.94,325
2016.07.20 19:00,99.95,99.95,99.81,99.90,318
2016.07.20 19:30,99.90,99.94,99.70,99.78,301
2016.07.20 20:00,99.79,99.95,99.75,99.94,220
2016.07.20 20:30,99.94,99.94,99.73,99.76,232
2016.07.20 21:00,99.77,99.87,99.75,99.78,283
2016.07.20 21:30,99.78,99.84,99.70,99.76,306
2016.07.20 22:00,99.76,99.81,99.68,99.77,284
2016.07.20 22:30,99.78,99.96,99.76,99.87,431
2016.07.21 16:30,99.97,100.92,99.94,100.62,1143
2016.07.21 17:00,100.63,100.77,100.24,100.36,452
2016.07.21 17:30,100.37,100.39,100.01,100.02,484
2016.07.21 18:00,100.03,100.18,100.03,100.12,216
2016.07.21 18:30,100.12,100.12,99.66,99.77,429
2016.07.21 19:00,99.77,99.81,99.53,99.66,335
2016.07.21 19:30,99.66,99.68,99.35,99.49,463
2016.07.21 20:00,99.49,99.68,99.41,99.65,335
2016.07.21 20:30,99.65,99.66,99.44,99.51,459
2016.07.21 21:00,99.51,99.54,99.33,99.52,379
2016.07.21 21:30,99.54,99.56,99.32,99.34,437
2016.07.21 22:00,99.34,99.43,99.09,99.41,627
2016.07.21 22:30,99.42,99.46,99.26,99.33,493
2016.07.22 16:30,99.05,99.08,98.26,98.59,1202
2016.07.22 17:00,98.60,98.93,98.53,98.76,354
2016.07.22 17:30,98.77,98.89,98.57,98.59,387
2016.07.22 18:00,98.60,98.64,98.50,98.64,319
2016.07.22 18:30,98.64,98.85,98.61,98.83,417
2016.07.22 19:00,98.84,98.99,98.80,98.97,351
2016.07.22 19:30,98.98,98.99,98.75,98.75,301
2016.07.22 20:00,98.75,98.75,98.60,98.62,323
2016.07.22 20:30,98.63,98.70,98.53,98.60,240
2016.07.22 21:00,98.63,98.65,98.57,98.59,205
2016.07.22 21:30,98.60,98.63,98.51,98.60,212
2016.07.22 22:00,98.61,98.61,98.47,98.55,381
2016.07.22 22:30,98.56,98.59,98.42,98.58,462
2016.07.25 16:30,98.36,98.77,98.13,98.26,1076
2016.07.25 17:00,98.25,98.31,97.83,97.91,435
2016.07.25 17:30,97.92,98.09,97.79,97.99,394
2016.07.25 18:00,97.99,98.18,97.96,98.13,443
2016.07.25 18:30,98.13,98.17,97.92,97.94,387
2016.07.25 19:00,97.95,97.98,97.37,97.48,879
2016.07.25 19:30,97.47,97.51,97.28,97.32,691
2016.07.25 20:00,97.33,97.37,97.18,97.34,301
2016.07.25 20:30,97.35,97.37,97.12,97.16,215
2016.07.25 21:00,97.16,97.36,97.15,97.17,255
2016.07.25 21:30,97.18,97.23,96.98,96.99,306
2016.07.25 22:00,97.00,97.08,96.87,97.00,431
2016.07.25 22:30,97.00,97.26,96.98,97.26,495
2016.07.26 16:30,96.83,97.90,96.80,97.62,1117
2016.07.26 17:00,97.63,97.80,97.38,97.72,714
2016.07.26 17:30,97.71,97.73,96.86,96.87,916
2016.07.26 18:00,96.87,97.05,96.82,97.00,1354
2016.07.26 18:30,96.99,97.17,96.87,97.14,816
2016.07.26 19:00,97.14,97.24,97.08,97.19,719
2016.07.26 19:30,97.19,97.41,97.18,97.25,444
2016.07.26 20:00,97.26,97.29,96.95,97.00,576
2016.07.26 20:30,97.00,97.00,96.63,96.65,303
2016.07.26 21:00,96.66,96.73,96.36,96.47,382
2016.07.26 21:30,96.48,96.55,96.39,96.50,212
2016.07.26 22:00,96.49,96.63,96.18,96.32,257
2016.07.26 22:30,96.31,96.76,96.28,96.44,300
2016.07.27 16:30,103.61,103.94,103.32,103.78,1863
2016.07.27 17:00,103.79,103.95,103.19,103.33,853
2016.07.27 17:30,103.32,103.34,102.82,102.86,763
2016.07.27 18:00,102.87,102.89,102.51,102.74,704
2016.07.27 18:30,102.75,102.85,102.54,102.71,470
2016.07.27 19:00,102.70,102.86,102.64,102.75,383
2016.07.27 19:30,102.76,102.97,102.73,102.76,156
2016.07.27 20:00,102.77,103.14,102.76,103.08,228
2016.07.27 20:30,103.08,103.26,102.93,103.18,546
2016.07.27 21:00,103.17,103.64,102.95,103.46,1226
2016.07.27 21:30,103.47,103.71,103.38,103.55,618
2016.07.27 22:00,103.56,103.76,103.55,103.69,584
2016.07.27 22:30,103.70,103.70,102.89,102.93,821
2016.07.28 16:30,103.12,104.15,102.91,103.88,1243
2016.07.28 17:00,103.89,104.08,103.74,103.91,468
2016.07.28 17:30,103.92,103.99,103.64,103.87,645
2016.07.28 18:00,103.87,103.94,103.66,103.68,829
2016.07.28 18:30,103.67,103.84,103.45,103.80,625
2016.07.28 19:00,103.79,103.84,103.58,103.68,407
2016.07.28 19:30,103.68,103.68,103.45,103.54,459
2016.07.28 20:00,103.55,103.72,103.51,103.66,414
2016.07.28 20:30,103.67,103.92,103.63,103.92,313
2016.07.28 21:00,103.93,104.06,103.90,103.99,346
2016.07.28 21:30,103.99,104.03,103.93,103.98,335
2016.07.28 22:00,103.98,104.09,103.94,104.05,353
2016.07.28 22:30,104.06,104.39,104.03,104.29,531
2016.07.29 16:30,104.29,104.48,103.62,104.08,1384
2016.07.29 17:00,104.07,104.07,103.73,103.81,574
2016.07.29 17:30,103.80,103.96,103.74,103.89,404
2016.07.29 18:00,103.90,104.07,103.85,103.89,524
2016.07.29 18:30,103.90,104.15,103.90,104.01,403
2016.07.29 19:00,104.01,104.13,104.01,104.07,142
2016.07.29 19:30,104.08,104.15,103.99,103.99,398
2016.07.29 20:00,104.00,104.27,103.95,104.26,466
2016.07.29 20:30,104.27,104.34,104.20,104.31,366
2016.07.29 21:00,104.31,104.32,104.18,104.30,428
2016.07.29 21:30,104.30,104.30,104.02,104.18,456
2016.07.29 22:00,104.18,104.20,104.06,104.08,507
2016.07.29 22:30,104.08,104.27,104.05,104.13,668
2016.08.01 16:30,104.57,105.08,104.37,104.99,889
2016.08.01 17:00,104.98,105.31,104.94,105.25,518
2016.08.01 17:30,105.26,105.45,105.12,105.38,527
2016.08.01 18:00,105.37,105.49,105.25,105.43,539
2016.08.01 18:30,105.43,105.45,105.26,105.28,578
2016.08.01 19:00,105.28,105.29,105.00,105.04,761
2016.08.01 19:30,105.04,105.28,105.02,105.12,384
2016.08.01 20:00,105.12,105.29,105.10,105.28,436
2016.08.01 20:30,105.28,105.39,105.20,105.35,361
2016.08.01 21:00,105.35,105.48,105.31,105.45,494
2016.08.01 21:30,105.48,105.85,105.44,105.84,422
2016.08.01 22:00,105.84,105.97,105.63,105.68,617
2016.08.01 22:30,105.69,106.09,105.68,106.02,818
2016.08.02 16:30,105.67,106.00,105.13,105.28,1585
2016.08.02 17:00,105.27,105.33,104.69,104.91,699
2016.08.02 17:30,104.92,105.03,104.46,104.48,1169
2016.08.02 18:00,104.48,104.71,104.45,104.55,977
2016.08.02 18:30,104.57,104.58,104.20,104.37,733
2016.08.02 19:00,104.38,104.52,104.23,104.43,681
2016.08.02 19:30,104.43,104.45,104.15,104.18,654
2016.08.02 20:00,104.19,104.21,103.95,104.20,868
2016.08.02 20:30,104.21,104.44,104.15,104.36,612
2016.08.02 21:00,104.37,104.69,104.28,104.65,806
2016.08.02 21:30,104.65,104.71,104.41,104.42,917
2016.08.02 22:00,104.43,104.54,104.33,104.44,640
2016.08.02 22:30,104.45,104.57,104.36,104.42,693
2016.08.03 16:30,105.01,105.54,104.86,105.51,963
2016.08.03 17:00,105.48,105.77,105.36,105.50,512
2016.08.03 17:30,105.49,105.58,105.25,105.34,665
2016.08.03 18:00,105.34,105.52,105.25,105.32,558
2016.08.03 18:30,105.33,105.41,105.31,105.38,313
2016.08.03 19:00,105.38,105.42,105.35,105.38,231
2016.08.03 19:30,105.39,105.49,105.36,105.44,399
2016.08.03 20:00,105.45,105.67,105.42,105.65,308
2016.08.03 20:30,105.66,105.72,105.62,105.62,183
2016.08.03 21:00,105.63,105.69,105.44,105.50,397
2016.08.03 21:30,105.52,105.65,105.49,105.62,298
2016.08.03 22:00,105.61,105.75,105.60,105.73,325
2016.08.03 22:30,105.74,105.77,105.70,105.73,282
2016.08.04 16:30,105.70,105.93,105.25,105.45,1189
2016.08.04 17:00,105.46,105.56,105.22,105.50,536
2016.08.04 17:30,105.51,105.80,105.45,105.76,570
2016.08.04 18:00,105.75,105.86,105.62,105.67,637
2016.08.04 18:30,105.68,105.72,105.47,105.66,469
2016.08.04 19:00,105.67,105.74,105.53,105.59,303
2016.08.04 19:30,105.60,105.71,105.52,105.57,290
2016.08.04 20:00,105.58,105.61,105.49,105.57,260
2016.08.04 20:30,105.58,105.77,105.55,105.73,167
2016.08.04 21:00,105.74,105.84,105.52,105.69,380
2016.08.04 21:30,105.68,105.81,105.65,105.79,269
2016.08.04 22:00,105.79,105.79,105.65,105.77,250
2016.08.04 22:30,105.78,105.94,105.78,105.84,220
2016.08.05 16:30,106.30,106.97,106.23,106.91,947
2016.08.05 17:00,106.92,107.20,106.91,107.19,306
2016.08.05 17:30,107.20,107.40,107.18,107.30,390
2016.08.05 18:00,107.30,107.31,107.18,107.22,395
2016.08.05 18:30,107.22,107.49,107.15,107.44,351
2016.08.05 19:00,107.45,107.57,107.39,107.55,302
2016.08.05 19:30,107.56,107.59,107.42,107.48,219
2016.08.05 20:00,107.48,107.54,107.46,107.50,162
2016.08.05 20:30,107.51,107.61,107.49,107.58,167
2016.08.05 21:00,107.59,107.59,107.48,107.49,207
2016.08.05 21:30,107.52,107.52,107.32,107.38,283
2016.08.05 22:00,107.39,107.52,107.31,107.50,457
2016.08.05 22:30,107.50,107.54,107.36,107.41,527
2016.08.08 16:30,107.50,107.89,107.10,107.37,1103
2016.08.08 17:00,107.38,107.63,107.34,107.39,459
2016.08.08 17:30,107.40,107.66,107.39,107.64,414
2016.08.08 18:00,107.64,107.81,107.61,107.79,446
2016.08.08 18:30,107.80,107.94,107.75,107.91,391
2016.08.08 19:00,107.94,108.01,107.87,107.97,234
2016.08.08 19:30,107.97,108.04,107.88,107.97,242
2016.08.08 20:00,107.95,108.09,107.86,108.04,243
2016.08.08 20:30,108.05,108.12,107.99,108.08,235
2016.08.08 21:00,108.08,108.08,107.87,107.88,362
2016.08.08 21:30,107.89,108.03,107.84,108.02,220
2016.08.08 22:00,108.02,108.22,108.00,108.22,231
2016.08.08 22:30,108.21,108.30,108.17,108.30,280
2016.08.09 16:30,108.32,108.53,108.12,108.14,930
2016.08.09 17:00,108.13,108.28,107.98,107.99,404
2016.08.09 17:30,107.98,108.39,107.95,108.24,402
2016.08.09 18:00,108.24,108.41,108.20,108.24,310
2016.08.09 18:30,108.24,108.36,108.17,108.32,312
2016.08.09 19:00,108.32,108.44,108.28,108.29,214
2016.08.09 19:30,108.30,108.32,108.14,108.28,385
2016.08.09 20:00,108.29,108.52,108.29,108.44,302
2016.08.09 20:30,108.43,108.58,108.38,108.52,307
2016.08.09 21:00,108.52,108.69,108.47,108.65,344
2016.08.09 21:30,108.65,108.65,108.53,108.65,305
2016.08.09 22:00,108.66,108.88,108.62,108.85,305
2016.08.09 22:30,108.85,108.86,108.69,108.76,303
2016.08.10 16:30,108.60,108.83,108.35,108.36,813
2016.08.10 17:00,108.35,108.50,108.27,108.29,326
2016.08.10 17:30,108.28,108.33,108.19,108.25,405
2016.08.10 18:00,108.26,108.34,107.97,107.99,638
2016.08.10 18:30,107.99,107.99,107.71,107.91,540
2016.08.10 19:00,107.91,108.04,107.88,107.98,299
2016.08.10 19:30,107.99,108.01,107.82,107.94,263
2016.08.10 20:00,107.95,108.18,107.91,108.17,382
2016.08.10 20:30,108.17,108.17,108.06,108.06,304
2016.08.10 21:00,108.06,108.11,107.90,107.92,392
2016.08.10 21:30,107.93,107.93,107.76,107.76,223
2016.08.10 22:00,107.77,108.06,107.74,107.77,310
2016.08.10 22:30,107.77,107.98,107.77,107.94,310
2016.08.11 16:30,108.49,108.87,108.47,108.50,953
2016.08.11 17:00,108.51,108.57,108.05,108.38,427
2016.08.11 17:30,108.37,108.58,108.27,108.32,443
2016.08.11 18:00,108.33,108.48,108.26,108.46,556
2016.08.11 18:30,108.45,108.65,108.43,108.58,423
2016.08.11 19:00,108.59,108.59,108.38,108.45,279
2016.08.11 19:30,108.46,108.49,108.38,108.47,267
2016.08.11 20:00,108.46,108.49,108.38,108.41,230
2016.08.11 20:30,108.42,108.45,108.32,108.33,197
2016.08.11 21:00,108.33,108.53,108.33,108.44,295
2016.08.11 21:30,108.44,108.47,108.08,108.11,349
2016.08.11 22:00,108.12,108.28,108.10,108.26,360
2016.08.11 22:30,108.25,108.30,107.87,107.88,465
2016.08.12 16:30,107.84,108.33,107.84,108.17,1070
2016.08.12 17:00,108.16,108.23,107.96,108.18,388
2016.08.12 17:30,108.17,108.39,108.08,108.32,298
2016.08.12 18:00,108.35,108.35,108.15,108.22,250
2016.08.12 18:30,108.23,108.24,107.84,107.92,278
2016.08.12 19:00,107.92,108.03,107.90,107.99,330
2016.08.12 19:30,107.99,108.06,107.92,107.93,218
2016.08.12 20:00,107.93,107.98,107.75,107.86,301
2016.08.12 20:30,107.86,107.92,107.82,107.87,121
2016.08.12 21:00,107.87,107.99,107.85,107.92,199
2016.08.12 21:30,107.95,108.08,107.92,108.07,195
2016.08.12 22:00,108.08,108.14,108.07,108.13,153
2016.08.12 22:30,108.13,108.15,108.06,108.10,213
2016.08.15 16:30,108.37,109.10,108.26,108.89,1339
2016.08.15 17:00,108.90,109.38,108.90,109.25,453
2016.08.15 17:30,109.27,109.36,109.13,109.22,462
2016.08.15 18:00,109.22,109.47,109.16,109.46,373
2016.08.15 18:30,109.46,109.46,109.23,109.26,323
2016.08.15 19:00,109.27,109.33,109.22,109.30,280
2016.08.15 19:30,109.31,109.40,109.25,109.33,189
2016.08.15 20:00,109.34,109.34,109.24,109.25,214
2016.08.15 20:30,109.26,109.30,109.14,109.22,298
2016.08.15 21:00,109.23,109.29,109.17,109.22,144
2016.08.15 21:30,109.22,109.37,109.18,109.33,132
2016.08.15 22:00,109.33,109.39,109.26,109.39,157
2016.08.15 22:30,109.39,109.47,109.36,109.45,300
2016.08.16 16:30,109.76,110.05,109.44,109.94,820
2016.08.16 17:00,109.95,110.16,109.73,109.84,423
2016.08.16 17:30,109.85,110.10,109.78,109.83,529
2016.08.16 18:00,109.86,109.94,109.79,109.88,364
2016.08.16 18:30,109.88,109.94,109.80,109.89,487
2016.08.16 19:00,109.88,109.92,109.78,109.90,254
2016.08.16 19:30,109.90,109.91,109.75,109.79,313
2016.08.16 20:00,109.78,109.79,109.25,109.41,574
2016.08.16 20:30,109.41,109.52,109.32,109.42,281
2016.08.16 21:00,109.43,109.46,109.16,109.23,282
2016.08.16 21:30,109.23,109.63,109.22,109.58,396
2016.08.16 22:00,109.58,109.73,109.46,109.67,280
2016.08.16 22:30,109.67,109.69,109.31,109.33,484
2016.08.17 16:30,108.84,109.07,108.28,108.55,1338
2016.08.17 17:00,108.54,108.69,108.40,108.68,501
2016.08.17 17:30,108.69,108.80,108.48,108.53,716
2016.08.17 18:00,108.53,108.80,108.51,108.59,481
2016.08.17 18:30,108.58,108.59,108.47,108.55,478
2016.08.17 19:00,108.55,108.74,108.54,108.72,343
2016.08.17 19:30,108.72,109.17,108.66,109.08,589
2016.08.17 20:00,109.07,109.14,108.97,109.01,441
2016.08.17 20:30,109.01,109.20,109.00,109.05,561
2016.08.17 21:00,109.04,109.32,108.74,109.17,1325
2016.08.17 21:30,109.18,109.22,108.96,109.05,814
2016.08.17 22:00,109.06,109.07,108.80,109.05,686
2016.08.17 22:30,109.04,109.26,109.04,109.12,572
2016.08.18 16:30,109.41,109.52,109.18,109.26,1043
2016.08.18 17:00,109.27,109.36,109.08,109.25,599
2016.08.18 17:30,109.26,109.43,109.17,109.39,604
2016.08.18 18:00,109.40,109.43,109.22,109.42,494
2016.08.18 18:30,109.43,109.45,109.33,109.39,445
2016.08.18 19:00,109.39,109.41,109.19,109.20,333
2016.08.18 19:30,109.20,109.20,108.98,109.10,525
2016.08.18 20:00,109.11,109.20,109.07,109.08,539
2016.08.18 20:30,109.08,109.26,109.06,109.13,406
2016.08.18 21:00,109.14,109.22,109.13,109.16,259
2016.08.18 21:30,109.16,109.34,109.10,109.33,340
2016.08.18 22:00,109.35,109.45,109.31,109.32,266
2016.08.18 22:30,109.33,109.40,108.97,109.02,548
2016.08.19 16:30,108.67,108.80,108.30,108.75,901
2016.08.19 17:00,108.76,109.15,108.61,109.14,657
2016.08.19 17:30,109.15,109.33,108.97,109.32,1027
2016.08.19 18:00,109.32,109.48,109.23,109.43,761
2016.08.19 18:30,109.43,109.54,109.33,109.52,607
2016.08.19 19:00,109.52,109.63,109.49,109.52,604
2016.08.19 19:30,109.52,109.60,109.14,109.27,1107
2016.08.19 20:00,109.26,109.28,109.10,109.18,756
2016.08.19 20:30,109.18,109.27,109.13,109.19,611
2016.08.19 21:00,109.19,109.28,109.03,109.09,596
2016.08.19 21:30,109.09,109.19,109.01,109.13,597
2016.08.19 22:00,109.14,109.28,109.11,109.24,502
2016.08.19 22:30,109.25,109.35,109.22,109.29,511
2016.08.22 16:30,108.80,108.97,108.58,108.69,1107
2016.08.22 17:00,108.68,108.86,108.43,108.77,612
2016.08.22 17:30,108.76,108.81,108.52,108.53,495
2016.08.22 18:00,108.54,108.58,108.06,108.11,927
2016.08.22 18:30,108.11,108.16,107.80,108.08,934
2016.08.22 19:00,108.08,108.36,107.93,108.27,936
2016.08.22 19:30,108.28,108.56,108.22,108.39,646
2016.08.22 20:00,108.39,108.40,108.05,108.14,576
2016.08.22 20:30,108.14,108.42,108.09,108.31,714
2016.08.22 21:00,108.31,108.38,108.13,108.15,571
2016.08.22 21:30,108.14,108.41,108.13,108.32,500
2016.08.22 22:00,108.33,108.48,108.32,108.42,349
2016.08.22 22:30,108.42,108.57,108.38,108.44,473
2016.08.23 16:30,108.90,109.25,108.78,109.24,1023
2016.08.23 17:00,109.23,109.26,109.04,109.11,483
2016.08.23 17:30,109.12,109.18,109.00,109.06,469
2016.08.23 18:00,109.06,109.07,108.78,108.84,768
2016.08.23 18:30,108.85,108.94,108.76,108.82,620
2016.08.23 19:00,108.82,109.06,108.75,108.89,585
2016.08.23 19:30,108.89,108.97,108.75,108.82,420
2016.08.23 20:00,108.82,108.94,108.79,108.89,338
2016.08.23 20:30,108.90,109.01,108.84,108.98,241
2016.08.23 21:00,108.97,109.04,108.82,108.94,327
2016.08.23 21:30,108.93,108.99,108.84,108.89,309
2016.08.23 22:00,108.89,108.92,108.85,108.89,255
2016.08.23 22:30,108.89,108.89,108.75,108.76,284
2016.08.24 16:30,108.27,108.62,108.06,108.22,1131
2016.08.24 17:00,108.21,108.32,108.11,108.30,717
2016.08.24 17:30,108.29,108.29,107.95,108.08,606
2016.08.24 18:00,108.07,108.20,107.88,107.98,560
2016.08.24 18:30,107.99,108.07,107.88,107.97,688
2016.08.24 19:00,107.98,108.08,107.89,108.04,527
2016.08.24 19:30,108.07,108.26,108.05,108.23,313
2016.08.24 20:00,108.24,108.35,108.17,108.19,449
2016.08.24 20:30,108.20,108.26,108.16,108.23,335
2016.08.24 21:00,108.23,108.23,107.94,108.04,836
2016.08.24 21:30,108.06,108.24,107.98,108.19,592
2016.08.24 22:00,108.19,108.26,108.01,108.07,838
2016.08.24 22:30,108.10,108.12,107.64,107.97,873
2016.08.25 16:30,107.18,107.23,106.73,106.77,1153
2016.08.25 17:00,106.76,107.08,106.62,107.04,661
2016.08.25 17:30,107.03,107.17,106.81,107.14,670
2016.08.25 18:00,107.14,107.53,107.13,107.45,903
2016.08.25 18:30,107.45,107.46,107.27,107.32,758
2016.08.25 19:00,107.32,107.32,107.13,107.23,554
2016.08.25 19:30,107.24,107.44,107.22,107.43,465
2016.08.25 20:00,107.44,107.66,107.43,107.66,431
2016.08.25 20:30,107.65,107.69,107.26,107.42,744
2016.08.25 21:00,107.43,107.55,107.27,107.54,781
2016.08.25 21:30,107.54,107.74,107.51,107.60,696
2016.08.25 22:00,107.61,107.82,107.49,107.63,557
2016.08.25 22:30,107.63,107.69,107.45,107.52,747
2016.08.26 16:30,107.30,107.82,107.15,107.15,1069
2016.08.26 17:00,107.16,107.87,106.96,107.77,1812
2016.08.26 17:30,107.78,107.82,107.49,107.51,1069
2016.08.26 18:00,107.52,107.62,107.29,107.57,941
2016.08.26 18:30,107.58,107.59,106.89,106.99,1529
2016.08.26 19:00,106.98,106.98,106.26,106.68,2320
2016.08.26 19:30,106.68,107.02,106.51,106.91,1172
2016.08.26 20:00,106.91,107.07,106.67,106.84,1079
2016.08.26 20:30,106.85,106.90,106.63,106.71,853
2016.08.26 21:00,106.72,106.83,106.48,106.57,1418
2016.08.26 21:30,106.57,106.74,106.51,106.63,1173
2016.08.26 22:00,106.63,106.90,106.57,106.86,924
2016.08.26 22:30,106.87,107.04,106.85,106.90,1169
2016.08.29 16:30,106.76,106.99,106.23,106.75,1284
2016.08.29 17:00,106.76,106.93,106.67,106.76,616
2016.08.29 17:30,106.75,106.78,106.51,106.51,714
2016.08.29 18:00,106.52,106.62,106.45,106.62,654
2016.08.29 18:30,106.61,106.78,106.49,106.72,767
2016.08.29 19:00,106.72,107.17,106.69,106.94,719
2016.08.29 19:30,106.94,107.37,106.89,107.32,453
2016.08.29 20:00,107.32,107.39,107.03,107.15,651
2016.08.29 20:30,107.15,107.27,107.02,107.11,702
2016.08.29 21:00,107.12,107.15,106.96,106.96,378
2016.08.29 21:30,106.96,107.00,106.68,106.81,618
2016.08.29 22:00,106.81,106.83,106.65,106.73,398
2016.08.29 22:30,106.73,106.84,106.70,106.76,537
2016.08.30 16:30,106.03,106.43,105.84,106.15,1463
2016.08.30 17:00,106.15,106.19,105.86,105.88,887
2016.08.30 17:30,105.89,106.00,105.68,105.94,956
2016.08.30 18:00,105.94,106.18,105.91,106.00,874
2016.08.30 18:30,106.00,106.10,105.89,105.98,700
2016.08.30 19:00,106.01,106.19,105.97,105.99,596
2016.08.30 19:30,105.99,106.09,105.90,105.93,446
2016.08.30 20:00,105.93,105.97,105.78,105.79,475
2016.08.30 20:30,105.80,105.88,105.65,105.74,494
2016.08.30 21:00,105.74,105.74,105.54,105.63,707
2016.08.30 21:30,105.65,105.84,105.52,105.78,500
2016.08.30 22:00,105.78,105.87,105.71,105.80,498
2016.08.30 22:30,105.80,105.94,105.68,105.94,561
2016.08.31 16:30,105.81,106.33,105.80,106.29,1279
2016.08.31 17:00,106.28,106.40,106.07,106.11,827
2016.08.31 17:30,106.09,106.38,105.98,106.28,993
2016.08.31 18:00,106.28,106.51,106.21,106.49,975
2016.08.31 18:30,106.49,106.50,106.28,106.31,649
2016.08.31 19:00,106.31,106.37,105.96,106.29,1001
2016.08.31 19:30,106.29,106.44,106.18,106.27,804
2016.08.31 20:00,106.28,106.45,106.15,106.43,644
2016.08.31 20:30,106.43,106.45,106.26,106.29,447
2016.08.31 21:00,106.29,106.42,106.22,106.33,519
2016.08.31 21:30,106.35,106.35,106.00,106.00,555
2016.08.31 22:00,106.00,106.21,105.97,106.13,690
2016.08.31 22:30,106.14,106.20,106.07,106.08,681
2016.09.01 16:30,106.12,106.40,106.04,106.15,992
2016.09.01 17:00,106.14,106.26,105.71,105.71,1283
2016.09.01 17:30,105.72,105.98,105.56,105.89,1103
2016.09.01 18:00,105.89,106.00,105.70,105.97,1099
2016.09.01 18:30,105.97,106.15,105.92,106.13,651
2016.09.01 19:00,106.13,106.48,106.06,106.33,933
2016.09.01 19:30,106.33,106.53,106.31,106.48,650
2016.09.01 20:00,106.49,106.75,106.47,106.52,576
2016.09.01 20:30,106.55,106.66,106.43,106.59,726
2016.09.01 21:00,106.60,106.60,106.42,106.56,753
2016.09.01 21:30,106.55,106.62,106.51,106.57,706
2016.09.01 22:00,106.58,106.60,106.28,106.31,786
2016.09.01 22:30,106.31,106.67,106.26,106.67,808
2016.09.02 16:30,107.65,107.93,107.24,107.58,1514
2016.09.02 17:00,107.57,107.75,107.17,107.40,898
2016.09.02 17:30,107.41,107.57,107.28,107.33,745
2016.09.02 18:00,107.34,107.43,107.12,107.16,868
2016.09.02 18:30,107.15,107.27,106.95,107.22,766
2016.09.02 19:00,107.21,107.24,106.77,106.92,840
2016.09.02 19:30,106.93,107.03,106.92,107.01,664
2016.09.02 20:00,107.02,107.03,106.85,106.98,711
2016.09.02 20:30,106.99,107.30,106.96,107.24,572
2016.09.02 21:00,107.25,107.36,107.18,107.29,451
2016.09.02 21:30,107.29,107.50,107.23,107.50,535
2016.09.02 22:00,107.50,107.66,107.49,107.64,765
2016.09.02 22:30,107.65,107.71,107.55,107.67,499
2016.09.06 16:30,107.70,108.23,107.70,108.06,1156
2016.09.06 17:00,108.05,108.14,107.57,107.79,1023
2016.09.06 17:30,107.80,107.88,107.61,107.80,720
2016.09.06 18:00,107.81,107.93,107.77,107.80,770
2016.09.06 18:30,107.78,107.88,107.73,107.82,649
2016.09.06 19:00,107.83,107.86,107.75,107.76,250
2016.09.06 19:30,107.76,107.90,107.75,107.87,371
2016.09.06 20:00,107.87,107.88,107.55,107.55,321
2016.09.06 20:30,107.55,107.64,107.49,107.59,411
2016.09.06 21:00,107.59,107.62,107.49,107.52,286
2016.09.06 21:30,107.52,107.57,107.46,107.55,243
2016.09.06 22:00,107.56,107.63,107.53,107.59,331
2016.09.06 22:30,107.60,107.68,107.55,107.62,380
2016.09.07 16:30,107.85,107.90,107.40,107.45,1715
2016.09.07 17:00,107.46,107.72,107.45,107.55,1295
2016.09.07 17:30,107.56,107.60,107.22,107.23,759
2016.09.07 18:00,107.22,107.46,107.19,107.33,1097
2016.09.07 18:30,107.34,107.35,107.19,107.26,540
2016.09.07 19:00,107.27,107.28,107.02,107.14,731
2016.09.07 19:30,107.14,107.32,106.98,107.31,597
2016.09.07 20:00,107.31,107.66,107.23,107.31,1849
2016.09.07 20:30,107.31,107.46,107.14,107.46,976
2016.09.07 21:00,107.47,107.54,107.25,107.46,930
2016.09.07 21:30,107.46,107.50,107.03,107.12,1172
2016.09.07 22:00,107.14,108.39,107.13,108.24,2113
2016.09.07 22:30,108.24,108.66,108.09,108.30,1960
2016.09.08 16:30,107.08,107.08,105.73,106.07,3662
2016.09.08 17:00,106.07,106.15,105.68,105.93,1661
2016.09.08 17:30,105.94,106.10,105.55,105.70,1376
2016.09.08 18:00,105.72,106.00,105.60,105.73,1438
2016.09.08 18:30,105.74,105.97,105.69,105.97,904
2016.09.08 19:00,105.97,106.03,105.58,105.62,801
2016.09.08 19:30,105.62,105.67,105.46,105.59,706
2016.09.08 20:00,105.59,105.63,105.44,105.44,456
2016.09.08 20:30,105.45,105.49,105.15,105.31,646
2016.09.08 21:00,105.31,105.81,105.26,105.59,1968
2016.09.08 21:30,105.59,105.67,105.41,105.61,996
2016.09.08 22:00,105.62,105.68,105.36,105.43,675
2016.09.08 22:30,105.43,105.51,105.23,105.37,797
2016.09.09 16:30,104.88,105.62,104.75,105.03,3497
2016.09.09 17:00,105.04,105.23,104.87,105.09,2211
2016.09.09 17:30,105.07,105.15,104.62,104.81,2037
2016.09.09 18:00,104.81,104.85,104.44,104.46,1368
2016.09.09 18:30,104.46,104.55,104.04,104.13,1230
2016.09.09 19:00,104.13,104.14,103.48,103.72,1544
2016.09.09 19:30,103.73,103.79,103.47,103.79,1238
2016.09.09 20:00,103.78,103.85,103.45,103.61,1244
2016.09.09 20:30,103.61,103.67,103.26,103.28,1144
2016.09.09 21:00,103.28,103.52,103.10,103.49,1939
2016.09.09 21:30,103.49,103.71,103.38,103.65,1639
2016.09.09 22:00,103.64,103.92,103.45,103.79,1904
2016.09.09 22:30,103.79,103.82,103.05,103.06,2012
2016.09.12 16:30,102.89,104.21,102.82,104.14,3749
2016.09.12 17:00,104.15,104.59,104.10,104.37,2306
2016.09.12 17:30,104.37,104.63,104.16,104.51,1700
2016.09.12 18:00,104.51,104.90,104.50,104.68,1870
2016.09.12 18:30,104.67,104.77,104.41,104.44,1483
2016.09.12 19:00,104.44,104.50,104.25,104.46,1052
2016.09.12 19:30,104.47,104.80,104.38,104.67,1373
2016.09.12 20:00,104.66,104.81,104.24,104.31,2216
2016.09.12 20:30,104.31,104.91,104.14,104.86,2168
2016.09.12 21:00,104.87,105.11,104.82,105.09,1415
2016.09.12 21:30,105.08,105.40,105.08,105.37,1163
2016.09.12 22:00,105.38,105.47,105.21,105.33,1191
2016.09.12 22:30,105.34,105.62,105.30,105.38,1525
2016.09.13 16:30,107.43,108.69,107.35,108.09,4375
2016.09.13 17:00,108.09,108.34,107.60,108.12,3437
2016.09.13 17:30,108.11,108.45,107.86,108.18,2309
2016.09.13 18:00,108.17,108.23,107.93,107.98,1577
2016.09.13 18:30,107.97,108.15,107.95,108.00,1459
2016.09.13 19:00,107.99,108.30,107.95,108.09,1861
2016.09.13 19:30,108.09,108.31,108.00,108.09,1280
2016.09.13 20:00,108.10,108.35,107.77,108.31,2086
2016.09.13 20:30,108.32,108.38,107.91,107.94,2583
2016.09.13 21:00,107.94,108.07,107.72,107.76,1758
2016.09.13 21:30,107.76,108.10,107.74,107.76,2072
2016.09.13 22:00,107.76,108.07,107.64,108.04,1760
2016.09.13 22:30,108.04,108.22,107.87,107.93,2268
2016.09.14 16:30,109.02,110.87,108.99,110.86,4145
2016.09.14 17:00,110.86,111.47,110.56,111.05,2857
2016.09.14 17:30,111.06,111.31,110.96,111.09,1966
2016.09.14 18:00,111.10,112.31,111.09,112.14,2315
2016.09.14 18:30,112.14,112.67,111.87,112.54,2113
2016.09.14 19:00,112.55,112.73,112.23,112.49,1491
2016.09.14 19:30,112.48,112.94,112.36,112.43,1860
2016.09.14 20:00,112.44,112.60,112.24,112.52,1715
2016.09.14 20:30,112.53,112.66,110.86,111.48,4257
2016.09.14 21:00,111.47,112.66,111.06,112.09,4007
2016.09.14 21:30,112.09,112.14,111.69,112.11,2756
2016.09.14 22:00,112.12,112.24,111.30,111.30,2642
2016.09.14 22:30,111.31,111.87,111.30,111.74,2526
2016.09.15 16:30,113.99,114.85,113.63,114.84,5670
2016.09.15 17:00,114.84,115.15,114.49,115.07,3442
2016.09.15 17:30,115.07,115.41,114.86,115.14,2841
2016.09.15 18:00,115.14,115.31,114.75,114.90,1669
2016.09.15 18:30,114.91,115.10,114.63,114.89,1562
2016.09.15 19:00,114.90,115.40,114.84,115.03,1487
2016.09.15 19:30,115.04,115.05,114.67,114.95,1500
2016.09.15 20:00,114.96,115.14,114.59,114.74,1512
2016.09.15 20:30,114.73,115.06,114.72,115.03,1352
2016.09.15 21:00,115.04,115.19,114.91,114.95,1077
2016.09.15 21:30,114.96,115.30,114.91,115.27,1069
2016.09.15 22:00,115.28,115.39,114.94,115.24,1358
2016.09.15 22:30,115.24,115.63,115.22,115.53,1183
2016.09.16 16:30,115.14,116.02,114.71,114.94,4205
2016.09.16 17:00,114.93,115.22,114.68,114.84,3076
2016.09.16 17:30,114.84,115.29,114.71,114.91,2093
2016.09.16 18:00,114.91,114.99,114.71,114.88,1585
2016.09.16 18:30,114.89,115.02,114.57,114.72,1423
2016.09.16 19:00,114.71,114.83,114.48,114.53,1024
2016.09.16 19:30,114.54,114.61,113.96,114.21,1545
2016.09.16 20:00,114.21,114.53,114.14,114.17,1569
2016.09.16 20:30,114.17,114.30,113.95,114.24,1170
2016.09.16 21:00,114.24,114.72,114.12,114.68,1432
2016.09.16 21:30,114.69,114.94,114.66,114.66,926
2016.09.16 22:00,114.67,114.96,114.66,114.83,1315
2016.09.16 22:30,114.82,115.02,114.80,114.83,1265
2016.09.19 16:30,115.64,116.07,114.95,115.02,3507
2016.09.19 17:00,115.03,115.12,114.38,114.51,1982
2016.09.19 17:30,114.51,114.60,113.76,113.92,1614
2016.09.19 18:00,113.93,114.29,113.82,114.14,1349
2016.09.19 18:30,114.15,114.33,114.11,114.23,1020
2016.09.19 19:00,114.24,114.28,113.21,113.53,1802
2016.09.19 19:30,113.53,113.74,113.35,113.38,1307
2016.09.19 20:00,113.38,113.75,113.28,113.43,1355
2016.09.19 20:30,113.43,113.51,113.16,113.49,1519
2016.09.19 21:00,113.49,113.87,113.48,113.80,1165
2016.09.19 21:30,113.81,114.04,113.72,113.92,1295
2016.09.19 22:00,113.92,113.93,113.55,113.73,1114
2016.09.19 22:30,113.74,113.78,113.29,113.44,1666
2016.09.20 16:30,112.55,113.85,112.52,113.79,3608
2016.09.20 17:00,113.79,113.93,113.23,113.72,2077
2016.09.20 17:30,113.72,113.86,113.45,113.69,1611
2016.09.20 18:00,113.69,114.02,113.67,113.77,1413
2016.09.20 18:30,113.77,113.84,113.61,113.70,1021
2016.09.20 19:00,113.70,113.74,113.51,113.74,1230
2016.09.20 19:30,113.74,113.74,113.29,113.31,1312
2016.09.20 20:00,113.32,113.36,113.10,113.27,1201
2016.09.20 20:30,113.27,113.44,113.22,113.40,1040
2016.09.20 21:00,113.40,113.60,113.34,113.54,969
2016.09.20 21:30,113.53,113.83,113.48,113.78,836
2016.09.20 22:00,113.77,113.84,113.67,113.81,883
2016.09.20 22:30,113.82,113.84,113.48,113.48,835
2016.09.21 16:30,113.59,113.75,112.96,113.06,2573
2016.09.21 17:00,113.05,113.26,112.94,113.18,1746
2016.09.21 17:30,113.18,113.68,113.08,113.16,1684
2016.09.21 18:00,113.17,113.19,112.81,113.00,1364
2016.09.21 18:30,113.01,113.03,112.82,112.84,1222
2016.09.21 19:00,112.84,112.87,112.42,112.49,1641
2016.09.21 19:30,112.49,112.73,112.35,112.60,1211
2016.09.21 20:00,112.60,112.73,112.47,112.49,991
2016.09.21 20:30,112.49,112.78,112.46,112.59,1052
2016.09.21 21:00,112.56,113.15,112.41,112.70,4249
2016.09.21 21:30,112.69,113.32,112.68,113.27,3496
2016.09.21 22:00,113.27,113.47,113.15,113.37,2552
2016.09.21 22:30,113.38,113.53,113.36,113.43,1344
2016.09.22 16:30,114.14,114.76,114.04,114.70,2439
2016.09.22 17:00,114.70,114.83,114.31,114.77,1559
2016.09.22 17:30,114.77,114.84,114.29,114.36,1350
2016.09.22 18:00,114.36,114.65,114.34,114.54,1432
2016.09.22 18:30,114.53,114.72,114.47,114.54,1083
2016.09.22 19:00,114.54,114.59,114.33,114.49,1099
2016.09.22 19:30,114.50,114.54,114.38,114.49,960
2016.09.22 20:00,114.48,114.62,114.43,114.51,799
2016.09.22 20:30,114.51,114.61,114.48,114.58,721
2016.09.22 21:00,114.58,114.62,114.20,114.37,1499
2016.09.22 21:30,114.36,114.47,114.13,114.43,1378
2016.09.22 22:00,114.44,114.55,114.36,114.52,1176
2016.09.22 22:30,114.51,114.69,114.48,114.54,1083
2016.09.23 16:30,114.45,114.69,114.05,114.05,2961
2016.09.23 17:00,114.06,114.36,114.01,114.29,1719
2016.09.23 17:30,114.30,114.39,114.16,114.25,1070
2016.09.23 18:00,114.24,114.53,114.22,114.37,1109
2016.09.23 18:30,114.36,114.53,114.34,114.41,870
2016.09.23 19:00,114.41,114.50,114.37,114.45,859
2016.09.23 19:30,114.45,114.60,114.38,114.58,542
2016.09.23 20:00,114.57,114.60,114.44,114.50,951
2016.09.23 20:30,114.49,114.50,111.47,111.84,3468
2016.09.23 21:00,111.85,112.87,111.51,112.47,4056
2016.09.23 21:30,112.47,112.98,112.17,112.72,2109
2016.09.23 22:00,112.73,113.11,112.57,112.89,1670
2016.09.23 22:30,112.90,113.08,112.58,112.61,1527
2016.09.26 16:30,111.83,113.18,111.75,112.98,2940
2016.09.26 17:00,112.97,113.29,112.75,113.00,2030
2016.09.26 17:30,112.99,113.26,112.90,112.93,1482
2016.09.26 18:00,112.94,113.02,112.73,112.89,1033
2016.09.26 18:30,112.89,112.92,112.67,112.86,1135
2016.09.26 19:00,112.86,112.99,112.81,112.93,810
2016.09.26 19:30,112.94,113.00,112.76,112.78,1046
2016.09.26 20:00,112.79,112.89,112.71,112.78,963
2016.09.26 20:30,112.78,112.90,112.73,112.90,931
2016.09.26 21:00,112.90,112.95,112.76,112.81,759
2016.09.26 21:30,112.81,112.89,112.71,112.76,814
2016.09.26 22:00,112.75,112.88,112.69,112.88,940
2016.09.26 22:30,112.89,113.10,112.75,112.83,998
2016.09.27 16:30,112.79,112.84,112.36,112.66,3445
2016.09.27 17:00,112.66,113.05,112.57,112.79,1989
2016.09.27 17:30,112.79,112.85,112.43,112.47,1140
2016.09.27 18:00,112.47,112.70,112.25,112.67,1451
2016.09.27 18:30,112.67,112.77,112.57,112.67,1241
2016.09.27 19:00,112.67,112.89,112.49,112.75,1254
2016.09.27 19:30,112.75,112.81,112.65,112.77,913
2016.09.27 20:00,112.77,112.84,112.60,112.69,884
2016.09.27 20:30,112.70,112.84,112.67,112.76,625
2016.09.27 21:00,112.76,113.02,112.72,113.00,727
2016.09.27 21:30,113.00,113.01,112.77,112.86,687
2016.09.27 22:00,112.86,113.02,112.84,112.94,728
2016.09.27 22:30,112.95,113.08,112.84,113.00,1150
2016.09.28 16:30,113.89,114.35,113.80,114.34,2194
2016.09.28 17:00,114.35,114.54,113.96,114.25,1690
2016.09.28 17:30,114.26,114.34,113.65,113.75,2237
2016.09.28 18:00,113.75,113.84,113.51,113.67,1714
2016.09.28 18:30,113.67,113.74,113.46,113.71,1390
2016.09.28 19:00,113.71,113.71,113.44,113.57,1061
2016.09.28 19:30,113.56,113.59,113.35,113.48,933
2016.09.28 20:00,113.48,113.66,113.43,113.63,896
2016.09.28 20:30,113.63,113.98,113.62,113.81,753
2016.09.28 21:00,113.81,113.99,113.73,113.89,1405
2016.09.28 21:30,113.89,114.00,113.74,113.97,1369
2016.09.28 22:00,113.98,114.05,113.88,113.92,684
2016.09.28 22:30,113.93,113.96,113.76,113.85,1006
2016.09.29 16:30,113.14,113.69,112.93,113.05,2537
2016.09.29 17:00,113.05,113.10,112.38,112.78,2764
2016.09.29 17:30,112.77,112.77,112.35,112.36,1170
2016.09.29 18:00,112.36,112.59,112.11,112.25,1176
2016.09.29 18:30,112.24,112.52,112.23,112.52,697
2016.09.29 19:00,112.52,112.94,112.46,112.82,780
2016.09.29 19:30,112.81,112.87,112.06,112.27,1939
2016.09.29 20:00,112.27,112.27,111.96,112.11,3109
2016.09.29 20:30,112.11,112.18,111.71,111.91,1941
2016.09.29 21:00,111.91,112.27,111.81,112.22,1887
2016.09.29 21:30,112.22,112.30,112.06,112.09,1444
2016.09.29 22:00,112.09,112.45,112.01,112.43,1764
2016.09.29 22:30,112.43,112.52,112.02,112.08,1687
2016.09.30 16:30,112.94,113.13,112.68,112.75,3121
2016.09.30 17:00,112.76,112.83,111.71,112.20,2240
2016.09.30 17:30,112.18,112.49,111.99,112.45,1632
2016.09.30 18:00,112.45,112.80,112.44,112.70,2003
2016.09.30 18:30,112.71,112.81,112.63,112.68,941
2016.09.30 19:00,112.69,113.01,112.68,112.98,645
2016.09.30 19:30,112.97,113.00,112.77,112.89,902
2016.09.30 20:00,112.89,112.97,112.82,112.88,682
2016.09.30 20:30,112.89,113.12,112.85,113.11,609
2016.09.30 21:00,113.11,113.17,112.98,113.01,625
2016.09.30 21:30,113.01,113.17,112.97,113.15,564
2016.09.30 22:00,113.15,113.26,113.04,113.05,692
2016.09.30 22:30,113.06,113.12,112.80,112.87,1381
2016.10.03 16:30,112.61,112.92,112.24,112.39,2023
2016.10.03 17:00,112.40,112.60,112.32,112.38,1613
2016.10.03 17:30,112.39,112.95,112.37,112.85,1088
2016.10.03 18:00,112.86,112.90,112.74,112.77,862
2016.10.03 18:30,112.78,112.80,112.37,112.46,858
2016.10.03 19:00,112.46,112.69,112.44,112.59,820
2016.10.03 19:30,112.60,112.60,112.43,112.52,672
2016.10.03 20:00,112.53,112.55,112.36,112.47,645
2016.10.03 20:30,112.47,112.52,112.27,112.27,433
2016.10.03 21:00,112.27,112.51,112.25,112.41,474
2016.10.03 21:30,112.42,112.43,112.20,112.31,592
2016.10.03 22:00,112.31,112.44,112.30,112.42,527
2016.10.03 22:30,112.43,112.60,112.35,112.41,760
2016.10.04 16:30,113.07,114.21,113.03,114.14,2701
2016.10.04 17:00,114.14,114.15,113.62,114.04,2262
2016.10.04 17:30,114.05,114.20,113.93,113.95,1564
2016.10.04 18:00,113.95,113.98,113.25,113.59,3108
2016.10.04 18:30,113.60,113.80,113.22,113.29,4057
2016.10.04 19:00,113.28,113.37,113.14,113.26,2378
2016.10.04 19:30,113.27,113.43,113.00,113.00,2020
2016.10.04 20:00,113.00,113.12,112.61,112.82,1777
2016.10.04 20:30,112.83,112.90,112.65,112.69,1104
2016.10.04 21:00,112.69,113.10,112.66,112.95,1333
2016.10.04 21:30,112.96,113.00,112.56,112.57,1352
2016.10.04 22:00,112.57,112.98,112.53,112.97,1421
2016.10.04 22:30,112.98,113.05,112.84,112.89,1300
2016.10.05 16:30,113.45,113.47,112.76,113.18,2399
2016.10.05 17:00,113.18,113.37,112.93,113.04,1460
2016.10.05 17:30,113.03,113.09,112.60,112.83,1365
2016.10.05 18:00,112.83,112.96,112.78,112.85,910
2016.10.05 18:30,112.86,113.01,112.86,112.95,709
2016.10.05 19:00,112.95,113.06,112.91,112.99,439
2016.10.05 19:30,113.00,113.06,112.97,113.00,376
2016.10.05 20:00,113.00,113.09,112.83,112.88,458
2016.10.05 20:30,112.89,113.15,112.79,113.06,624
2016.10.05 21:00,113.06,113.08,112.94,112.98,520
2016.10.05 21:30,112.99,113.17,112.98,113.10,684
2016.10.05 22:00,113.09,113.14,112.87,112.87,624
2016.10.05 22:30,112.87,112.97,112.82,112.94,723
2016.10.06 16:30,113.89,113.94,113.25,113.45,3143
2016.10.06 17:00,113.45,113.67,113.29,113.57,1455
2016.10.06 17:30,113.58,113.58,113.04,113.42,1372
2016.10.06 18:00,113.42,113.43,113.04,113.26,1269
2016.10.06 18:30,113.27,113.88,113.23,113.81,1227
2016.10.06 19:00,113.82,114.13,113.74,114.10,871
2016.10.06 19:30,114.10,114.18,113.88,114.04,849
2016.10.06 20:00,114.03,114.18,114.03,114.17,513
2016.10.06 20:30,114.17,114.23,114.07,114.19,530
2016.10.06 21:00,114.18,114.22,114.10,114.19,620
2016.10.06 21:30,114.19,114.24,113.94,114.04,496
2016.10.06 22:00,114.04,114.18,113.94,113.98,637
2016.10.06 22:30,113.97,114.04,113.78,113.85,714
2016.10.07 16:30,114.27,114.47,113.74,114.04,4001
2016.10.07 17:00,114.04,114.28,113.90,114.25,1736
2016.10.07 17:30,114.24,114.25,113.85,113.86,1412
2016.10.07 18:00,113.87,114.20,113.83,114.06,875
2016.10.07 18:30,114.05,114.07,113.42,113.63,1493
2016.10.07 19:00,113.62,113.83,113.62,113.80,1814
2016.10.07 19:30,113.79,113.85,113.57,113.84,915
2016.10.07 20:00,113.85,113.97,113.74,113.95,810
2016.10.07 20:30,113.96,114.17,113.95,114.10,943
2016.10.07 21:00,114.10,114.19,114.02,114.06,816
2016.10.07 21:30,114.05,114.20,114.04,114.08,605
2016.10.07 22:00,114.08,114.15,113.93,114.02,663
2016.10.07 22:30,114.03,114.07,113.92,113.96,678
2016.10.10 16:30,115.15,115.86,114.63,115.72,2872
2016.10.10 17:00,115.73,115.87,115.59,115.84,1208
2016.10.10 17:30,115.85,116.32,115.85,116.19,1073
2016.10.10 18:00,116.20,116.23,115.97,116.01,850
2016.10.10 18:30,116.01,116.38,116.01,116.28,651
2016.10.10 19:00,116.27,116.28,116.07,116.11,766
2016.10.10 19:30,116.11,116.24,116.08,116.22,579
2016.10.10 20:00,116.22,116.52,116.20,116.38,661
2016.10.10 20:30,116.38,116.44,116.30,116.41,668
2016.10.10 21:00,116.42,116.50,116.34,116.49,551
2016.10.10 21:30,116.50,116.65,116.48,116.50,540
2016.10.10 22:00,116.50,116.51,116.09,116.20,635
2016.10.10 22:30,116.20,116.20,115.91,115.97,683
2016.10.11 16:30,117.98,118.59,117.63,118.05,3648
2016.10.11 17:00,118.06,118.06,117.11,117.58,2483
2016.10.11 17:30,117.58,117.74,117.43,117.44,1538
2016.10.11 18:00,117.44,117.57,116.97,117.05,1568
2016.10.11 18:30,117.05,117.33,116.90,117.03,1511
2016.10.11 19:00,117.04,117.10,116.63,116.79,1298
2016.10.11 19:30,116.78,117.34,116.57,117.21,1302
2016.10.11 20:00,117.21,117.21,116.69,116.83,1450
2016.10.11 20:30,116.83,116.83,116.27,116.34,1314
2016.10.11 21:00,116.34,116.47,116.11,116.42,1767
2016.10.11 21:30,116.43,116.62,116.24,116.42,1382
2016.10.11 22:00,116.42,116.56,116.17,116.38,1218
2016.10.11 22:30,116.38,116.48,116.19,116.29,1334
2016.10.12 16:30,117.25,117.64,116.70,116.96,3277
2016.10.12 17:00,116.97,117.20,116.68,117.20,2411
2016.10.12 17:30,117.20,117.22,116.70,116.73,1677
2016.10.12 18:00,116.73,117.22,116.66,117.12,1599
2016.10.12 18:30,117.12,117.57,117.10,117.57,1029
2016.10.12 19:00,117.57,117.63,117.20,117.29,941
2016.10.12 19:30,117.29,117.55,117.26,117.44,791
2016.10.12 20:00,117.45,117.59,117.39,117.59,505
2016.10.12 20:30,117.59,117.73,117.56,117.71,354
2016.10.12 21:00,117.71,117.88,117.56,117.71,1878
2016.10.12 21:30,117.71,117.73,117.20,117.21,1131
2016.10.12 22:00,117.22,117.43,117.11,117.20,1297
2016.10.12 22:30,117.20,117.55,117.02,117.24,1220
2016.10.13 16:30,117.11,117.18,115.89,116.19,3481
2016.10.13 17:00,116.19,116.35,115.85,115.87,1837
2016.10.13 17:30,115.88,116.09,115.66,115.97,2011
2016.10.13 18:00,115.97,116.48,115.83,116.36,2145
2016.10.13 18:30,116.36,116.64,116.35,116.50,1646
2016.10.13 19:00,116.50,116.62,116.36,116.52,1417
2016.10.13 19:30,116.52,116.83,116.51,116.65,1336
2016.10.13 20:00,116.65,116.65,116.43,116.56,1010
2016.10.13 20:30,116.57,116.93,116.44,116.89,894
2016.10.13 21:00,116.89,116.96,116.72,116.95,1194
2016.10.13 21:30,116.95,117.12,116.92,117.10,1004
2016.10.13 22:00,117.11,117.34,116.92,116.95,884
2016.10.13 22:30,116.95,117.02,116.61,116.90,965
2016.10.14 16:30,117.89,118.06,117.41,117.47,2264
2016.10.14 17:00,117.48,117.67,117.14,117.48,1800
2016.10.14 17:30,117.48,117.73,117.47,117.56,1512
2016.10.14 18:00,117.55,117.59,117.35,117.41,1096
2016.10.14 18:30,117.40,117.40,117.04,117.24,1480
2016.10.14 19:00,117.23,117.59,117.20,117.58,1275
2016.10.14 19:30,117.59,117.61,117.40,117.49,825
2016.10.14 20:00,117.49,117.51,117.32,117.34,693
2016.10.14 20:30,117.34,117.80,117.29,117.45,1303
2016.10.14 21:00,117.45,117.60,117.25,117.55,1413
2016.10.14 21:30,117.55,117.58,117.38,117.42,1299
2016.10.14 22:00,117.42,117.69,117.42,117.52,1204
2016.10.14 22:30,117.52,117.78,117.46,117.57,1238
2016.10.17 16:30,117.50,117.74,116.75,116.82,2415
2016.10.17 17:00,116.83,117.28,116.69,117.25,1534
2016.10.17 17:30,117.26,117.36,117.13,117.23,1042
2016.10.17 18:00,117.24,117.47,116.91,117.00,1022
2016.10.17 18:30,117.01,117.25,116.94,117.17,935
2016.10.17 19:00,117.18,117.22,117.01,117.04,818
2016.10.17 19:30,117.04,117.11,116.85,116.86,665
2016.10.17 20:00,116.87,116.96,116.84,116.91,769
2016.10.17 20:30,116.91,117.10,116.87,116.91,613
2016.10.17 21:00,116.90,117.10,116.90,117.08,539
2016.10.17 21:30,117.08,117.23,117.00,117.22,379
2016.10.17 22:00,117.21,117.39,117.18,117.39,301
2016.10.17 22:30,117.39,117.47,117.34,117.46,463
2016.10.18 16:30,117.94,118.11,117.50,117.93,2044
2016.10.18 17:00,117.92,118.00,117.62,117.85,1358
2016.10.18 17:30,117.85,118.04,117.84,117.91,872
2016.10.18 18:00,117.91,117.99,117.79,117.83,863
2016.10.18 18:30,117.83,117.98,117.74,117.94,812
2016.10.18 19:00,117.95,118.09,117.93,118.07,445
2016.10.18 19:30,118.08,118.09,117.79,117.89,503
2016.10.18 20:00,117.90,118.04,117.86,117.99,411
2016.10.18 20:30,117.98,117.99,117.85,117.90,511
2016.10.18 21:00,117.90,117.94,117.77,117.83,494
2016.10.18 21:30,117.83,117.88,117.72,117.78,468
2016.10.18 22:00,117.77,117.78,117.37,117.44,705
2016.10.18 22:30,117.44,117.58,117.36,117.36,796
2016.10.19 16:30,117.20,117.66,117.05,117.55,1902
2016.10.19 17:00,117.55,117.55,117.26,117.39,888
2016.10.19 17:30,117.40,117.46,117.16,117.34,742
2016.10.19 18:00,117.33,117.34,116.91,117.02,712
2016.10.19 18:30,117.03,117.15,116.90,116.94,595
2016.10.19 19:00,116.93,117.13,116.82,117.12,465
2016.10.19 19:30,117.12,117.24,117.09,117.22,379
2016.10.19 20:00,117.22,117.43,117.22,117.43,241
2016.10.19 20:30,117.43,117.48,117.27,117.30,277
2016.10.19 21:00,117.30,117.41,117.21,117.25,492
2016.10.19 21:30,117.26,117.26,116.96,117.13,538
2016.10.19 22:00,117.13,117.18,117.00,117.04,389
2016.10.19 22:30,117.03,117.08,116.93,117.02,402
2016.10.20 16:30,116.54,116.98,116.48,116.90,2011
2016.10.20 17:00,116.89,117.22,116.56,116.77,1432
2016.10.20 17:30,116.76,116.76,116.24,116.56,1663
2016.10.20 18:00,116.56,116.92,116.54,116.88,911
2016.10.20 18:30,116.89,116.92,116.58,116.88,791
2016.10.20 19:00,116.89,117.10,116.86,116.99,1170
2016.10.20 19:30,116.99,117.27,116.95,117.07,797
2016.10.20 20:00,117.08,117.23,117.03,117.22,451
2016.10.20 20:30,117.22,117.28,116.72,116.79,987
2016.10.20 21:00,116.79,116.99,116.75,116.90,718
2016.10.20 21:30,116.91,117.14,116.85,117.09,720
2016.10.20 22:00,117.10,117.11,116.87,116.90,776
2016.10.20 22:30,116.90,117.15,116.79,116.92,1130
2016.10.21 16:30,116.58,116.82,116.22,116.74,2520
2016.10.21 17:00,116.74,116.74,116.32,116.50,1020
2016.10.21 17:30,116.50,116.62,116.41,116.57,847
2016.10.21 18:00,116.57,116.66,116.43,116.52,635
2016.10.21 18:30,116.52,116.77,116.45,116.64,661
2016.10.21 19:00,116.64,116.70,116.44,116.44,549
2016.10.21 19:30,116.45,116.47,116.39,116.44,213
2016.10.21 20:00,116.45,116.53,116.42,116.47,349
2016.10.21 20:30,116.46,116.64,116.38,116.51,492
2016.10.21 21:00,116.51,116.63,116.48,116.62,488
2016.10.21 21:30,116.60,116.62,116.48,116.53,502
2016.10.21 22:00,116.53,116.55,116.40,116.40,360
2016.10.21 22:30,116.41,116.47,116.19,116.43,719
2016.10.24 16:30,117.11,117.49,117.04,117.33,1907
2016.10.24 17:00,117.33,117.38,117.05,117.05,752
2016.10.24 17:30,117.04,117.30,116.97,117.27,767
2016.10.24 18:00,117.26,117.37,117.23,117.28,566
2016.10.24 18:30,117.28,117.40,117.26,117.26,297
2016.10.24 19:00,117.27,117.30,117.17,117.21,339
2016.10.24 19:30,117.21,117.22,117.12,117.18,345
2016.10.24 20:00,117.19,117.40,117.19,117.38,287
2016.10.24 20:30,117.38,117.54,117.38,117.52,324
2016.10.24 21:00,117.53,117.64,117.39,117.45,409
2016.10.24 21:30,117.46,117.52,117.24,117.36,446
2016.10.24 22:00,117.36,117.44,117.27,117.31,232
2016.10.24 22:30,117.31,117.58,117.25,117.51,605
2016.10.25 16:30,117.64,117.65,117.37,117.58,714
2016.10.25 17:00,117.59,117.60,117.31,117.54,453
2016.10.25 17:30,117.55,117.59,117.20,117.28,489
2016.10.25 18:00,117.29,117.40,117.18,117.40,419
2016.10.25 18:30,117.41,117.47,117.19,117.35,372
2016.10.25 19:00,117.35,117.43,117.22,117.38,567
2016.10.25 19:30,117.38,117.60,117.33,117.55,492
2016.10.25 20:00,117.39,117.74,117.31,117.60,207
2016.10.25 20:30,117.61,117.75,117.57,117.72,264
2016.10.25 21:00,117.71,117.77,117.64,117.72,240
2016.10.25 21:30,117.71,117.73,117.51,117.57,217
2016.10.25 22:00,117.58,117.70,117.50,117.69,252
2016.10.25 22:30,117.70,117.98,117.56,117.87,372
2016.10.26 16:30,114.15,114.15,112.97,113.57,2717
2016.10.26 17:00,113.66,114.05,113.37,113.83,1479
2016.10.26 17:30,113.84,114.85,113.83,114.84,1680
2016.10.26 18:00,114.84,115.15,114.69,114.84,1712
2016.10.26 18:30,114.84,115.05,114.72,114.83,797
2016.10.26 19:00,114.83,115.22,114.78,115.16,721
2016.10.26 19:30,115.15,115.57,115.15,115.28,1205
2016.10.26 20:00,115.29,115.37,114.91,114.97,927
2016.10.26 20:30,114.97,115.05,114.52,114.54,923
2016.10.26 21:00,114.55,114.88,114.54,114.83,1264
2016.10.26 21:30,114.82,115.31,114.80,115.24,786
2016.10.26 22:00,115.24,115.24,114.99,115.14,617
2016.10.26 22:30,115.12,115.54,115.06,115.43,1132
2016.10.27 16:30,115.39,115.54,114.91,115.33,2328
2016.10.27 17:00,115.32,115.36,114.67,114.85,1471
2016.10.27 17:30,114.86,114.96,114.71,114.91,1018
2016.10.27 18:00,114.91,114.98,114.79,114.82,625
2016.10.27 18:30,114.82,115.15,114.68,115.06,756
2016.10.27 19:00,115.07,115.15,114.95,115.11,628
2016.10.27 19:30,115.10,115.13,114.81,114.89,450
2016.10.27 20:00,114.90,114.93,114.74,114.79,434
2016.10.27 20:30,114.79,114.94,114.76,114.87,384
2016.10.27 21:00,114.88,115.05,114.87,114.96,500
2016.10.27 21:30,114.96,114.99,114.76,114.77,587
2016.10.27 22:00,114.78,114.84,114.20,114.39,758
2016.10.27 22:30,114.38,114.46,114.01,114.41,1074
2016.10.28 16:30,114.07,115.00,113.94,114.71,2519
2016.10.28 17:00,114.72,114.83,114.26,114.55,1899
2016.10.28 17:30,114.56,114.84,114.56,114.67,1090
2016.10.28 18:00,114.68,114.90,114.67,114.83,667
2016.10.28 18:30,114.83,114.98,114.77,114.90,575
2016.10.28 19:00,114.90,115.11,114.78,115.00,643
2016.10.28 19:30,115.01,115.03,114.86,114.99,433
2016.10.28 20:00,114.99,115.04,114.07,114.24,3244
2016.10.28 20:30,114.23,114.27,113.41,113.44,3157
2016.10.28 21:00,113.44,113.87,113.37,113.82,3036
2016.10.28 21:30,113.83,114.04,113.46,113.58,2208
2016.10.28 22:00,113.58,114.02,113.55,113.89,1977
2016.10.28 22:30,113.89,113.89,113.41,113.59,1655
2016.10.31 15:30,113.49,113.85,113.14,113.20,2291
2016.10.31 16:00,113.20,113.77,113.17,113.73,976
2016.10.31 16:30,113.73,113.77,113.43,113.59,795
2016.10.31 17:00,113.59,113.60,113.35,113.55,852
2016.10.31 17:30,113.56,113.67,113.45,113.63,722
2016.10.31 18:00,113.64,113.79,113.60,113.68,504
2016.10.31 18:30,113.69,113.90,113.63,113.88,692
2016.10.31 19:00,113.88,114.05,113.83,113.95,436
2016.10.31 19:30,113.95,114.13,113.91,113.95,550
2016.10.31 20:00,113.96,113.98,113.72,113.75,405
2016.10.31 20:30,113.74,113.87,113.61,113.65,579
2016.10.31 21:00,113.65,113.83,113.62,113.69,544
2016.10.31 21:30,113.69,113.71,113.45,113.47,688
2016.11.01 15:30,113.51,113.67,112.90,112.95,1877
2016.11.01 16:00,112.96,113.10,112.42,112.64,1635
2016.11.01 16:30,112.64,112.85,112.51,112.70,1407
2016.11.01 17:00,112.69,112.74,112.54,112.54,772
2016.11.01 17:30,112.54,112.54,112.12,112.17,1013
2016.11.01 18:00,112.18,112.19,111.60,111.80,1457
2016.11.01 18:30,111.80,111.94,111.61,111.70,918
2016.11.01 19:00,111.69,111.70,110.85,111.06,1172
2016.11.01 19:30,111.06,111.22,110.71,111.15,1542
2016.11.01 20:00,111.15,111.18,110.44,110.79,2092
2016.11.01 20:30,110.80,111.23,110.77,110.92,2334
2016.11.01 21:00,110.92,111.28,110.80,111.20,1789
2016.11.01 21:30,111.19,111.40,110.96,111.37,1322
2016.11.02 15:30,111.29,112.15,111.22,111.94,2758
2016.11.02 16:00,111.94,112.01,111.54,111.67,1357
2016.11.02 16:30,111.67,111.77,111.40,111.44,1437
2016.11.02 17:00,111.45,112.25,111.42,112.23,1263
2016.11.02 17:30,112.22,112.23,111.89,111.94,1103
2016.11.02 18:00,111.94,111.99,111.79,111.85,905
2016.11.02 18:30,111.85,111.88,111.71,111.86,716
2016.11.02 19:00,111.86,111.92,111.48,111.56,1285
2016.11.02 19:30,111.55,111.78,111.42,111.74,731
2016.11.02 20:00,111.74,112.12,111.48,112.00,3747
2016.11.02 20:30,111.99,112.04,111.70,111.76,1978
2016.11.02 21:00,111.76,111.92,111.63,111.91,1039
2016.11.02 21:30,111.91,111.91,111.50,111.51,1147
2016.11.03 15:30,110.72,111.36,110.61,110.90,2982
2016.11.03 16:00,110.89,110.94,110.62,110.71,1754
2016.11.03 16:30,110.70,110.89,110.69,110.77,1364
2016.11.03 17:00,110.78,110.80,110.53,110.54,1053
2016.11.03 17:30,110.54,110.58,110.26,110.35,1024
2016.11.03 18:00,110.35,110.40,110.21,110.39,1111
2016.11.03 18:30,110.38,110.44,110.19,110.21,942
2016.11.03 19:00,110.21,110.23,109.70,109.91,1191
2016.11.03 19:30,109.91,110.07,109.87,109.96,815
2016.11.03 20:00,109.97,110.05,109.82,109.94,909
2016.11.03 20:30,109.94,109.96,109.73,109.85,834
2016.11.03 21:00,109.86,109.89,109.55,109.67,1027
2016.11.03 21:30,109.67,109.81,109.46,109.72,1146
2016.11.04 15:30,108.77,109.44,108.36,108.48,4414
2016.11.04 16:00,108.47,109.34,108.47,109.21,2363
2016.11.04 16:30,109.20,109.53,109.11,109.29,1973
2016.11.04 17:00,109.30,109.72,109.26,109.67,1477
2016.11.04 17:30,109.66,109.82,109.46,109.74,1117
2016.11.04 18:00,109.74,109.86,109.66,109.77,750
2016.11.04 18:30,109.77,109.82,109.64,109.76,666
2016.11.04 19:00,109.77,110.15,109.73,109.81,722
2016.11.04 19:30,109.81,109.94,109.77,109.86,500
2016.11.04 20:00,109.86,109.86,109.56,109.61,658
2016.11.04 20:30,109.61,109.62,109.19,109.32,990
2016.11.04 21:00,109.32,109.32,109.03,109.09,960
2016.11.04 21:30,109.10,109.10,108.65,108.75,1407
2016.11.07 16:30,110.24,110.38,109.38,109.64,2438
2016.11.07 17:00,109.65,110.02,109.46,109.91,1014
2016.11.07 17:30,109.90,109.92,109.59,109.80,955
2016.11.07 18:00,109.81,109.93,109.77,109.88,855
2016.11.07 18:30,109.89,109.97,109.84,109.95,849
2016.11.07 19:00,109.96,109.97,109.85,109.97,639
2016.11.07 19:30,109.98,110.00,109.87,109.98,420
2016.11.07 20:00,109.99,110.08,109.92,110.06,378
2016.11.07 20:30,110.06,110.35,110.04,110.35,300
2016.11.07 21:00,110.35,110.39,110.14,110.14,423
2016.11.07 21:30,110.15,110.21,109.64,109.83,862
2016.11.07 22:00,109.83,109.98,109.75,109.86,574
2016.11.07 22:30,109.87,110.41,109.75,110.30,705
2016.11.08 16:30,110.21,110.26,109.73,109.84,2310
2016.11.08 17:00,109.84,109.95,109.61,109.95,1099
2016.11.08 17:30,109.94,110.03,109.84,109.94,894
2016.11.08 18:00,109.94,110.46,109.88,110.38,1076
2016.11.08 18:30,110.39,110.84,110.35,110.81,816
2016.11.08 19:00,110.82,111.51,110.81,111.37,1315
2016.11.08 19:30,111.37,111.62,111.17,111.54,1091
2016.11.08 20:00,111.55,111.60,111.13,111.13,1469
2016.11.08 20:30,111.13,111.40,111.03,111.04,759
2016.11.08 21:00,111.05,111.08,110.72,110.93,1381
2016.11.08 21:30,110.93,111.01,110.57,110.81,1116
2016.11.08 22:00,110.82,110.98,110.73,110.88,966
2016.11.08 22:30,110.89,111.31,110.75,110.93,1656
2016.11.09 16:30,109.94,110.51,107.96,109.16,8121
2016.11.09 17:00,109.16,109.33,108.37,108.71,4993
2016.11.09 17:30,108.71,109.09,108.36,108.93,3761
2016.11.09 18:00,108.94,109.69,108.76,109.56,3519
2016.11.09 18:30,109.57,110.09,109.46,109.69,3826
2016.11.09 19:00,109.70,109.79,109.05,109.54,3456
2016.11.09 19:30,109.55,109.94,109.38,109.90,2670
2016.11.09 20:00,109.90,110.07,109.10,109.20,3460
2016.11.09 20:30,109.19,109.88,109.11,109.51,2477
2016.11.09 21:00,109.52,110.65,109.37,110.43,2831
2016.11.09 21:30,110.43,110.88,110.41,110.51,2699
2016.11.09 22:00,110.50,111.21,110.50,110.72,1887
2016.11.09 22:30,110.72,110.82,110.37,110.77,2375
2016.11.10 16:30,110.67,110.91,110.03,110.20,3936
2016.11.10 17:00,110.21,110.51,107.63,107.67,5688
2016.11.10 17:30,107.68,108.21,105.74,106.86,8419
2016.11.10 18:00,106.88,107.83,106.70,107.55,6337
2016.11.10 18:30,107.56,107.91,107.08,107.30,4351
2016.11.10 19:00,107.31,107.84,107.09,107.10,3694
2016.11.10 19:30,107.10,107.96,107.01,107.96,2963
2016.11.10 20:00,107.95,108.43,107.72,108.03,3325
2016.11.10 20:30,108.04,108.70,108.03,108.38,3175
2016.11.10 21:00,108.38,108.67,108.23,108.52,2938
2016.11.10 21:30,108.52,108.73,108.09,108.49,2670
2016.11.10 22:00,108.50,108.58,108.10,108.18,2001
2016.11.10 22:30,108.18,108.18,107.31,107.67,1980
2016.11.11 16:30,106.55,108.21,106.46,107.40,4311
2016.11.11 17:00,107.40,108.38,107.25,107.68,4677
2016.11.11 17:30,107.69,108.29,107.56,108.23,3388
2016.11.11 18:00,108.22,108.30,107.81,108.12,2790
2016.11.11 18:30,108.11,108.37,107.73,108.08,2252
2016.11.11 19:00,108.08,108.58,107.97,108.52,2245
2016.11.11 19:30,108.52,108.76,108.36,108.46,1890
2016.11.11 20:00,108.47,108.71,108.40,108.53,1564
2016.11.11 20:30,108.54,108.58,108.09,108.18,1581
2016.11.11 21:00,108.18,108.37,107.96,108.15,1305
2016.11.11 21:30,108.15,108.23,107.87,107.92,1227
2016.11.11 22:00,107.91,108.25,107.91,108.10,1029
2016.11.11 22:30,108.11,108.52,108.03,108.34,1289
2016.11.14 16:30,107.51,107.71,105.91,105.95,3853
2016.11.14 17:00,105.95,106.21,105.29,105.53,3383
2016.11.14 17:30,105.54,105.66,104.69,104.76,2578
2016.11.14 18:00,104.77,105.30,103.99,104.75,2875
2016.11.14 18:30,104.74,105.46,104.72,105.23,2722
2016.11.14 19:00,105.25,105.34,104.55,104.62,2148
2016.11.14 19:30,104.62,105.20,104.46,105.17,2178
2016.11.14 20:00,105.18,105.63,105.13,105.51,2044
2016.11.14 20:30,105.52,105.84,105.16,105.35,2155
2016.11.14 21:00,105.34,105.46,105.07,105.10,1895
2016.11.14 21:30,105.10,106.12,105.02,106.10,1881
2016.11.14 22:00,106.10,106.20,105.47,105.56,1469
2016.11.14 22:30,105.55,105.76,105.31,105.63,1557
2016.11.15 16:30,106.68,107.18,106.06,106.87,3880
2016.11.15 17:00,106.87,107.58,106.84,107.03,2540
2016.11.15 17:30,107.03,107.06,106.65,107.03,1566
2016.11.15 18:00,107.02,107.22,106.75,106.94,1677
2016.11.15 18:30,106.95,107.02,106.63,106.63,1013
2016.11.15 19:00,106.64,106.71,106.49,106.53,787
2016.11.15 19:30,106.52,106.64,106.26,106.35,961
2016.11.15 20:00,106.36,106.68,106.26,106.52,835
2016.11.15 20:30,106.53,106.88,106.51,106.85,878
2016.11.15 21:00,106.86,107.13,106.81,106.96,1062
2016.11.15 21:30,106.96,107.36,106.94,107.35,1081
2016.11.15 22:00,107.35,107.51,107.20,107.25,1038
2016.11.15 22:30,107.25,107.39,107.01,107.01,1031
2016.11.16 16:30,106.65,108.18,106.64,107.65,3638
2016.11.16 17:00,107.65,108.86,107.62,108.53,1565
2016.11.16 17:30,108.53,109.11,108.52,109.03,1728
2016.11.16 18:00,109.03,109.22,108.68,109.21,1460
2016.11.16 18:30,109.20,109.64,109.14,109.38,1469
2016.11.16 19:00,109.38,109.87,109.23,109.87,1079
2016.11.16 19:30,109.88,109.98,109.66,109.66,1028
2016.11.16 20:00,109.67,109.71,109.25,109.59,1227
2016.11.16 20:30,109.59,109.85,109.59,109.71,869
2016.11.16 21:00,109.70,109.78,109.54,109.71,819
2016.11.16 21:30,109.71,109.88,109.65,109.77,651
2016.11.16 22:00,109.78,110.13,109.75,109.85,569
2016.11.16 22:30,109.86,109.97,109.67,109.94,1003
2016.11.17 16:30,109.63,110.24,109.23,109.58,3705
2016.11.17 17:00,109.56,109.61,109.01,109.10,1612
2016.11.17 17:30,109.10,109.37,108.74,108.86,1839
2016.11.17 18:00,108.87,109.26,108.76,109.09,1256
2016.11.17 18:30,109.10,109.42,108.97,109.40,1265
2016.11.17 19:00,109.41,109.68,109.37,109.53,1309
2016.11.17 19:30,109.53,109.65,109.41,109.58,933
2016.11.17 20:00,109.59,109.78,109.54,109.68,914
2016.11.17 20:30,109.69,109.79,109.57,109.59,795
2016.11.17 21:00,109.59,109.64,109.31,109.47,981
2016.11.17 21:30,109.57,109.64,109.43,109.55,641
2016.11.17 22:00,109.57,109.70,109.50,109.63,635
2016.11.17 22:30,109.63,109.86,109.61,109.85,713
2016.11.18 16:30,109.79,110.44,109.61,110.08,2428
2016.11.18 17:00,110.08,110.16,109.78,109.98,1625
2016.11.18 17:30,109.99,110.07,109.57,109.79,1465
2016.11.18 18:00,109.80,110.08,109.74,109.86,995
2016.11.18 18:30,109.86,109.97,109.71,109.80,484
2016.11.18 19:00,109.80,109.98,109.77,109.98,430
2016.11.18 19:30,109.98,110.09,109.92,110.09,257
2016.11.18 20:00,110.09,110.12,109.90,109.90,330
2016.11.18 20:30,109.91,110.07,109.79,109.79,360
2016.11.18 21:00,109.79,109.85,109.64,109.68,340
2016.11.18 21:30,109.78,109.82,109.62,109.66,282
2016.11.18 22:00,109.65,109.94,109.65,109.91,456
2016.11.18 22:30,109.91,110.02,109.84,109.94,664
2016.11.21 16:30,109.93,111.08,109.93,111.06,2032
2016.11.21 17:00,111.05,111.06,110.38,110.60,1154
2016.11.21 17:30,110.60,110.81,110.41,110.81,971
2016.11.21 18:00,110.82,111.55,110.82,111.44,1014
2016.11.21 18:30,111.44,111.79,111.42,111.59,836
2016.11.21 19:00,111.60,111.61,111.26,111.44,645
2016.11.21 19:30,111.45,111.79,111.44,111.71,686
2016.11.21 20:00,111.71,111.84,111.57,111.63,615
2016.11.21 20:30,111.63,111.66,111.46,111.58,516
2016.11.21 21:00,111.58,111.60,111.43,111.45,513
2016.11.21 21:30,111.45,111.61,111.36,111.40,406
2016.11.21 22:00,111.41,111.78,111.35,111.70,700
2016.11.21 22:30,111.71,111.89,111.64,111.67,764
2016.11.22 16:30,111.88,112.31,111.57,111.99,2627
2016.11.22 17:00,111.99,112.16,111.42,111.46,1476
2016.11.22 17:30,111.46,111.71,111.31,111.52,1479
2016.11.22 18:00,111.52,111.79,111.48,111.62,1088
2016.11.22 18:30,111.62,111.71,111.50,111.67,1076
2016.11.22 19:00,111.68,111.87,111.59,111.83,712
2016.11.22 19:30,111.84,111.84,111.70,111.72,498
2016.11.22 20:00,111.72,111.88,111.72,111.83,395
2016.11.22 20:30,111.83,111.89,111.78,111.83,492
2016.11.22 21:00,111.84,111.84,111.58,111.64,539
2016.11.22 21:30,111.64,111.76,111.57,111.67,569
2016.11.22 22:00,111.68,111.74,111.62,111.63,386
2016.11.22 22:30,111.64,111.81,111.63,111.66,634
2016.11.23 16:30,111.25,111.32,110.64,110.85,2615
2016.11.23 17:00,110.86,110.97,110.47,110.54,1115
2016.11.23 17:30,110.55,110.66,110.24,110.30,835
2016.11.23 18:00,110.31,110.60,110.31,110.58,674
2016.11.23 18:30,110.58,110.77,110.42,110.77,562
2016.11.23 19:00,110.78,110.90,110.70,110.80,395
2016.11.23 19:30,110.81,110.98,110.76,110.85,417
2016.11.23 20:00,110.86,110.90,110.61,110.70,523
2016.11.23 20:30,110.71,111.08,110.70,110.95,456
2016.11.23 21:00,110.96,111.27,110.94,111.17,625
2016.11.23 21:30,111.17,111.21,110.92,110.95,443
2016.11.23 22:00,110.96,111.04,110.83,110.86,308
2016.11.23 22:30,110.87,111.13,110.81,111.12,581
2016.11.25 16:30,111.18,111.49,110.86,111.42,2289
2016.11.25 17:00,111.43,111.43,110.97,111.14,944
2016.11.25 17:30,111.15,111.30,111.15,111.27,489
2016.11.25 18:00,111.27,111.55,111.25,111.53,467
2016.11.25 18:30,111.54,111.73,111.47,111.73,492
2016.11.25 19:00,111.72,111.77,111.48,111.51,428
2016.11.25 19:30,111.51,111.69,111.42,111.66,512
2016.11.28 16:30,111.47,112.09,111.46,112.09,2425
2016.11.28 17:00,112.08,112.18,111.86,112.16,1410
2016.11.28 17:30,112.16,112.37,111.74,111.75,1324
2016.11.28 18:00,111.76,111.82,111.61,111.69,977
2016.11.28 18:30,111.68,111.83,111.61,111.81,864
2016.11.28 19:00,111.82,111.90,111.65,111.76,518
2016.11.28 19:30,111.76,111.90,111.69,111.72,551
2016.11.28 20:00,111.71,111.75,111.65,111.71,488
2016.11.28 20:30,111.72,111.86,111.69,111.77,330
2016.11.28 21:00,111.76,111.85,111.71,111.72,395
2016.11.28 21:30,111.72,111.75,111.64,111.74,426
2016.11.28 22:00,111.75,111.75,111.46,111.48,392
2016.11.28 22:30,111.49,111.59,111.36,111.48,666
2016.11.29 16:30,110.82,110.95,110.12,110.21,2474
2016.11.29 17:00,110.22,110.55,109.99,110.55,1540
2016.11.29 17:30,110.56,110.91,110.53,110.70,1030
2016.11.29 18:00,110.70,111.14,110.70,111.11,683
2016.11.29 18:30,111.10,111.93,111.09,111.92,1145
2016.11.29 19:00,111.92,111.92,111.52,111.60,819
2016.11.29 19:30,111.60,111.77,111.52,111.68,676
2016.11.29 20:00,111.67,111.73,111.59,111.66,460
2016.11.29 20:30,111.67,111.83,111.65,111.78,406
2016.11.29 21:00,111.79,111.81,111.63,111.67,371
2016.11.29 21:30,111.70,111.77,111.45,111.46,417
2016.11.29 22:00,111.46,111.47,110.98,110.99,808
2016.11.29 22:30,110.99,111.35,110.85,111.35,566
2016.11.30 16:30,111.69,112.10,111.43,111.57,2441
2016.11.30 17:00,111.57,111.57,110.74,110.92,1689
2016.11.30 17:30,110.93,110.96,110.46,110.76,1284
2016.11.30 18:00,110.77,110.98,110.56,110.57,900
2016.11.30 18:30,110.58,110.80,110.48,110.60,837
2016.11.30 19:00,110.60,110.90,110.51,110.85,985
2016.11.30 19:30,110.85,111.06,110.82,111.06,609
2016.11.30 20:00,111.06,111.10,110.94,111.06,419
2016.11.30 20:30,111.06,111.06,110.88,110.90,322
2016.11.30 21:00,110.90,110.90,110.48,110.62,814
2016.11.30 21:30,110.62,110.62,110.19,110.36,667
2016.11.30 22:00,110.37,110.77,110.34,110.75,583
2016.11.30 22:30,110.75,110.77,110.46,110.46,720
2016.12.01 16:30,110.32,110.68,109.81,110.13,2342
2016.12.01 17:00,110.13,110.84,109.93,109.94,2032
2016.12.01 17:30,109.93,109.93,109.16,109.68,1766
2016.12.01 18:00,109.67,109.94,109.47,109.77,1465
2016.12.01 18:30,109.77,110.16,109.75,110.05,1085
2016.12.01 19:00,110.05,110.18,109.80,109.86,766
2016.12.01 19:30,109.86,110.07,109.62,109.67,904
2016.12.01 20:00,109.67,109.67,109.32,109.48,720
2016.12.01 20:30,109.49,109.67,109.39,109.39,841
2016.12.01 21:00,109.40,109.82,109.34,109.64,1071
2016.12.01 21:30,109.64,109.85,109.61,109.67,699
2016.12.01 22:00,109.67,109.74,109.19,109.35,677
2016.12.01 22:30,109.35,109.45,108.94,109.36,1111
2016.12.02 16:30,109.61,109.99,109.02,109.41,2398
2016.12.02 17:00,109.41,109.59,108.76,109.11,1943
2016.12.02 17:30,109.12,109.40,109.01,109.21,1042
2016.12.02 18:00,109.22,109.84,109.19,109.75,946
2016.12.02 18:30,109.75,109.78,109.41,109.50,602
2016.12.02 19:00,109.50,109.79,109.48,109.65,513
2016.12.02 19:30,109.65,109.82,109.56,109.82,534
2016.12.02 20:00,109.82,109.82,109.42,109.50,618
2016.12.02 20:30,109.51,109.61,109.48,109.54,389
2016.12.02 21:00,109.54,109.71,109.39,109.71,412
2016.12.02 21:30,109.71,109.81,109.66,109.78,267
2016.12.02 22:00,109.79,109.83,109.53,109.73,365
2016.12.02 22:30,109.73,109.89,109.50,109.79,767
2016.12.05 16:30,109.61,109.67,108.20,108.93,3224
2016.12.05 17:00,108.92,109.52,108.86,109.51,2093
2016.12.05 17:30,109.51,109.69,109.24,109.28,1538
2016.12.05 18:00,109.29,109.37,109.07,109.14,1231
2016.12.05 18:30,109.14,109.19,108.75,108.87,1039
2016.12.05 19:00,108.88,109.10,108.74,108.89,1037
2016.12.05 19:30,108.89,109.16,108.85,109.08,754
2016.12.05 20:00,109.09,109.26,109.03,109.19,608
2016.12.05 20:30,109.20,109.21,109.00,109.02,702
2016.12.05 21:00,109.02,109.16,108.94,109.13,827
2016.12.05 21:30,109.13,109.26,109.06,109.20,721
2016.12.05 22:00,109.20,109.33,109.16,109.17,581
2016.12.05 22:30,109.17,109.17,108.88,109.01,568
2016.12.06 16:30,109.35,110.24,109.16,110.21,2368
2016.12.06 17:00,110.22,110.26,109.36,109.40,2107
2016.12.06 17:30,109.39,109.76,109.39,109.55,1374
2016.12.06 18:00,109.54,109.60,109.36,109.51,983
2016.12.06 18:30,109.51,109.52,109.10,109.40,820
2016.12.06 19:00,109.40,109.49,109.32,109.41,687
2016.12.06 19:30,109.41,109.59,109.32,109.37,486
2016.12.06 20:00,109.38,109.50,109.27,109.47,604
2016.12.06 20:30,109.48,109.66,109.43,109.62,492
2016.12.06 21:00,109.62,109.65,109.46,109.61,370
2016.12.06 21:30,109.62,109.73,109.62,109.69,326
2016.12.06 22:00,109.70,109.73,109.46,109.46,299
2016.12.06 22:30,109.46,109.85,109.44,109.82,594
2016.12.07 16:30,109.27,109.79,109.25,109.35,2726
2016.12.07 17:00,109.35,109.80,109.30,109.60,1411
2016.12.07 17:30,109.59,109.99,109.34,109.77,1235
2016.12.07 18:00,109.78,109.95,109.59,109.65,1071
2016.12.07 18:30,109.66,109.78,109.32,109.61,1033
2016.12.07 19:00,109.62,109.90,109.50,109.74,734
2016.12.07 19:30,109.74,110.08,109.69,110.07,465
2016.12.07 20:00,110.08,110.45,110.06,110.20,1394
2016.12.07 20:30,110.19,110.84,110.18,110.74,1549
2016.12.07 21:00,110.74,110.92,110.48,110.74,1818
2016.12.07 21:30,110.74,110.86,110.64,110.75,839
2016.12.07 22:00,110.76,111.09,110.67,111.00,1156
2016.12.07 22:30,111.00,111.08,110.79,110.91,1230
2016.12.08 16:30,110.67,112.03,110.62,111.92,2519
2016.12.08 17:00,111.92,111.92,111.45,111.77,1436
2016.12.08 17:30,111.78,111.89,111.49,111.84,1193
2016.12.08 18:00,111.85,112.28,111.77,111.96,953
2016.12.08 18:30,111.97,112.08,111.81,111.95,932
2016.12.08 19:00,111.96,112.30,111.87,112.19,611
2016.12.08 19:30,112.19,112.33,112.07,112.19,657
2016.12.08 20:00,112.20,112.20,111.97,112.15,696
2016.12.08 20:30,112.15,112.25,112.01,112.18,729
2016.12.08 21:00,112.17,112.22,111.83,112.05,847
2016.12.08 21:30,112.05,112.15,111.70,111.90,1236
2016.12.08 22:00,111.91,111.92,111.76,111.78,991
2016.12.08 22:30,111.79,112.10,111.78,112.01,820
2016.12.09 16:30,112.74,113.41,112.64,113.31,2632
2016.12.09 17:00,113.32,113.90,113.07,113.88,1779
2016.12.09 17:30,113.89,114.60,113.79,113.99,1974
2016.12.09 18:00,114.00,114.45,113.99,114.18,1254
2016.12.09 18:30,114.18,114.21,113.96,114.16,1047
2016.12.09 19:00,114.17,114.21,114.00,114.04,598
2016.12.09 19:30,114.05,114.10,113.69,113.71,656
2016.12.09 20:00,113.72,113.85,113.50,113.77,1004
2016.12.09 20:30,113.78,114.03,113.66,114.00,685
2016.12.09 21:00,114.00,114.05,113.77,113.87,805
2016.12.09 21:30,113.88,113.99,113.79,113.96,566
2016.12.09 22:00,113.97,114.20,113.95,114.04,846
2016.12.09 22:30,114.04,114.14,113.70,113.81,1055
2016.12.12 16:30,112.96,113.15,112.41,112.91,2564
2016.12.12 17:00,112.92,113.01,112.51,112.53,1254
2016.12.12 17:30,112.52,113.03,112.43,113.03,858
2016.12.12 18:00,113.03,113.04,112.75,112.77,707
2016.12.12 18:30,112.77,113.04,112.77,112.92,869
2016.12.12 19:00,112.92,112.92,112.60,112.81,783
2016.12.12 19:30,112.82,112.95,112.76,112.91,541
2016.12.12 20:00,112.90,113.05,112.83,112.83,670
2016.12.12 20:30,112.84,112.84,112.63,112.74,611
2016.12.12 21:00,112.74,112.84,112.66,112.84,526
2016.12.12 21:30,112.85,113.01,112.82,112.86,322
2016.12.12 22:00,112.87,113.05,112.85,113.02,371
2016.12.12 22:30,113.02,113.21,112.93,113.18,851
2016.12.13 16:30,113.77,115.13,113.66,115.01,3298
2016.12.13 17:00,115.00,115.27,114.75,114.98,2401
2016.12.13 17:30,114.98,115.19,114.73,114.87,1809
2016.12.13 18:00,114.87,115.34,114.80,115.34,1377
2016.12.13 18:30,115.34,115.74,115.28,115.70,1338
2016.12.13 19:00,115.70,115.70,115.42,115.46,1288
2016.12.13 19:30,115.47,115.61,115.34,115.51,982
2016.12.13 20:00,115.51,115.78,115.41,115.76,1166
2016.12.13 20:30,115.76,115.83,115.38,115.56,1089
2016.12.13 21:00,115.56,115.71,115.37,115.44,886
2016.12.13 21:30,115.44,115.59,115.31,115.41,1742
2016.12.13 22:00,115.41,115.72,115.39,115.62,720
2016.12.13 22:30,115.62,115.70,114.97,115.10,1118
2016.12.14 16:30,115.03,116.10,115.01,115.88,2613
2016.12.14 17:00,115.88,116.00,115.74,115.86,1384
2016.12.14 17:30,115.87,115.97,115.49,115.64,1520
2016.12.14 18:00,115.64,115.66,115.24,115.47,1196
2016.12.14 18:30,115.47,115.73,115.40,115.60,1264
2016.12.14 19:00,115.60,115.70,115.44,115.54,959
2016.12.14 19:30,115.55,115.59,115.41,115.49,743
2016.12.14 20:00,115.50,115.77,115.50,115.77,906
2016.12.14 20:30,115.77,115.85,115.59,115.81,849
2016.12.14 21:00,115.82,115.93,114.95,115.19,5449
2016.12.14 21:30,115.19,115.82,115.13,115.55,4043
2016.12.14 22:00,115.55,115.80,114.95,115.35,3597
2016.12.14 22:30,115.35,115.88,114.97,115.11,3441
2016.12.15 16:30,115.66,116.63,115.38,116.39,3363
2016.12.15 17:00,116.38,116.40,115.86,115.92,2201
2016.12.15 17:30,115.92,116.08,115.73,116.01,1405
2016.12.15 18:00,116.01,116.38,116.00,116.21,1263
2016.12.15 18:30,116.21,116.23,115.84,115.96,1260
2016.12.15 19:00,115.96,116.16,115.73,116.00,1030
2016.12.15 19:30,116.00,116.11,115.95,116.06,1009
2016.12.15 20:00,116.06,116.22,115.95,116.17,752
2016.12.15 20:30,116.18,116.25,115.32,115.54,1357
2016.12.15 21:00,115.54,115.78,115.37,115.78,1183
2016.12.15 21:30,115.79,115.93,115.64,115.70,1058
2016.12.15 22:00,115.71,115.79,115.62,115.71,633
2016.12.15 22:30,115.72,115.98,115.68,115.72,1143
2016.12.16 16:30,116.13,116.40,115.80,116.19,2554
2016.12.16 17:00,116.19,116.23,115.81,115.88,1202
2016.12.16 17:30,115.89,116.09,115.72,116.04,913
2016.12.16 18:00,116.04,116.07,115.61,115.66,1130
2016.12.16 18:30,115.65,116.20,115.55,116.02,1028
2016.12.16 19:00,116.03,116.09,115.90,115.97,554
2016.12.16 19:30,115.97,116.09,115.77,115.81,773
2016.12.16 20:00,115.82,115.84,115.68,115.74,764
2016.12.16 20:30,115.75,115.86,115.68,115.70,543
2016.12.16 21:00,115.70,115.90,115.68,115.74,746
2016.12.16 21:30,115.74,115.86,115.72,115.77,620
2016.12.16 22:00,115.78,115.83,115.67,115.70,598
2016.12.16 22:30,115.70,115.90,115.69,115.86,937
2016.12.19 16:30,115.66,116.72,115.65,116.52,2109
2016.12.19 17:00,116.53,116.73,116.47,116.57,815
2016.12.19 17:30,116.58,117.12,116.55,117.05,817
2016.12.19 18:00,117.04,117.28,117.01,117.06,1172
2016.12.19 18:30,117.07,117.14,116.73,116.73,742
2016.12.19 19:00,116.74,117.06,116.72,116.94,497
2016.12.19 19:30,116.95,117.10,116.89,116.97,473
2016.12.19 20:00,116.96,117.04,116.66,116.74,395
2016.12.19 20:30,116.75,116.90,116.70,116.85,497
2016.12.19 21:00,116.86,116.90,116.69,116.72,387
2016.12.19 21:30,116.71,116.78,116.56,116.59,354
2016.12.19 22:00,116.57,116.66,116.46,116.52,488
2016.12.19 22:30,116.51,116.57,116.29,116.53,611
2016.12.20 16:30,116.66,117.40,116.66,117.08,1711
2016.12.20 17:00,117.10,117.11,116.76,116.94,686
2016.12.20 17:30,116.95,117.08,116.78,117.03,382
2016.12.20 18:00,117.04,117.13,116.85,117.02,345
2016.12.20 18:30,117.01,117.01,116.79,116.87,279
2016.12.20 19:00,116.86,117.01,116.82,116.93,274
2016.12.20 19:30,116.92,117.08,116.91,116.99,197
2016.12.20 20:00,116.98,117.12,116.96,116.96,154
2016.12.20 20:30,116.98,117.06,116.89,117.02,238
2016.12.20 21:00,117.01,117.02,116.85,116.86,284
2016.12.20 21:30,116.88,116.88,116.63,116.74,400
2016.12.20 22:00,116.73,116.95,116.68,116.86,385
2016.12.20 22:30,116.87,116.94,116.76,116.85,407
2016.12.21 16:30,116.94,117.25,116.69,117.01,1652
2016.12.21 17:00,117.01,117.08,116.82,116.94,775
2016.12.21 17:30,116.93,117.06,116.73,116.82,455
2016.12.21 18:00,116.81,117.02,116.78,116.94,472
2016.12.21 18:30,116.95,117.02,116.82,116.90,241
2016.12.21 19:00,116.91,117.06,116.90,117.00,234
2016.12.21 19:30,116.99,117.06,116.92,117.04,261
2016.12.21 20:00,117.03,117.14,116.72,116.97,600
2016.12.21 20:30,116.98,117.06,116.94,117.01,297
2016.12.21 21:00,117.02,117.30,117.02,117.19,347
2016.12.21 21:30,117.20,117.24,117.09,117.15,301
2016.12.21 22:00,117.16,117.17,116.96,116.98,273
2016.12.21 22:30,116.99,117.04,116.86,116.96,489
2016.12.22 16:30,116.20,116.35,115.77,116.14,1432
2016.12.22 17:00,116.14,116.41,116.11,116.23,730
2016.12.22 17:30,116.24,116.40,116.12,116.13,398
2016.12.22 18:00,116.14,116.25,115.89,115.89,354
2016.12.22 18:30,115.90,115.96,115.55,115.65,400
2016.12.22 19:00,115.64,115.84,115.63,115.84,303
2016.12.22 19:30,115.83,115.89,115.71,115.71,242
2016.12.22 20:00,115.70,115.90,115.70,115.88,176
2016.12.22 20:30,115.87,116.13,115.81,116.04,197
2016.12.22 21:00,116.05,116.13,115.99,116.03,109
2016.12.22 21:30,116.02,116.02,115.83,115.92,127
2016.12.22 22:00,115.91,115.91,115.58,115.72,327
2016.12.22 22:30,115.71,116.16,115.68,116.16,586
2016.12.23 16:30,116.08,116.40,115.95,116.31,1511
2016.12.23 17:00,116.32,116.43,116.10,116.22,440
2016.12.23 17:30,116.21,116.25,115.98,116.01,376
2016.12.23 18:00,116.00,116.09,115.87,116.05,306
2016.12.23 18:30,116.06,116.17,116.00,116.12,191
2016.12.23 19:00,116.11,116.24,116.10,116.22,124
2016.12.23 19:30,116.21,116.30,116.18,116.28,122
2016.12.23 20:00,116.27,116.40,116.27,116.28,197
2016.12.23 20:30,116.37,116.39,116.22,116.25,135
2016.12.23 21:00,116.24,116.27,116.19,116.22,153
2016.12.23 21:30,116.23,116.38,116.19,116.30,187
2016.12.23 22:00,116.31,116.41,116.26,116.29,335
2016.12.23 22:30,116.30,116.42,116.23,116.42,405
2016.12.27 16:30,116.58,117.70,116.58,117.68,1385
2016.12.27 17:00,117.66,117.70,117.37,117.55,327
2016.12.27 17:30,117.56,117.59,117.38,117.53,297
2016.12.27 18:00,117.54,117.58,117.46,117.58,132
2016.12.27 18:30,117.57,117.65,117.45,117.51,169
2016.12.27 19:00,117.51,117.51,117.29,117.34,214
2016.12.27 19:30,117.35,117.46,117.25,117.40,113
2016.12.27 20:00,117.40,117.53,117.38,117.51,89
2016.12.27 20:30,117.50,117.50,117.36,117.43,74
2016.12.27 21:00,117.44,117.49,117.37,117.44,124
2016.12.27 21:30,117.43,117.43,117.31,117.32,88
2016.12.27 22:00,117.33,117.38,117.31,117.36,117
2016.12.27 22:30,117.37,117.37,117.11,117.15,164
2016.12.28 16:30,117.73,117.90,117.20,117.25,1133
2016.12.28 17:00,117.24,117.45,116.92,117.00,1213
2016.12.28 17:30,117.01,117.10,116.68,116.84,585
2016.12.28 18:00,116.83,117.19,116.81,117.16,392
2016.12.28 18:30,117.17,117.17,116.98,117.06,187
2016.12.28 19:00,117.05,117.05,116.76,116.87,426
2016.12.28 19:30,116.86,116.90,116.66,116.90,309
2016.12.28 20:00,116.91,116.94,116.76,116.82,257
2016.12.28 20:30,116.81,116.91,116.60,116.72,221
2016.12.28 21:00,116.73,116.85,116.55,116.70,315
2016.12.28 21:30,116.69,116.84,116.58,116.75,313
2016.12.28 22:00,116.73,116.86,116.69,116.70,256
2016.12.28 22:30,116.69,116.73,116.48,116.65,487
2016.12.29 16:30,116.52,117.01,116.48,116.73,1783
2016.12.29 17:00,116.74,117.00,116.56,116.94,708
2016.12.29 17:30,116.93,116.94,116.51,116.61,473
2016.12.29 18:00,116.59,116.62,116.44,116.52,334
2016.12.29 18:30,116.51,116.54,116.31,116.41,228
2016.12.29 19:00,116.40,116.62,116.40,116.54,246
2016.12.29 19:30,116.56,116.67,116.47,116.53,157
2016.12.29 20:00,116.54,116.64,116.52,116.55,146
2016.12.29 20:30,116.56,116.56,116.39,116.51,193
2016.12.29 21:00,116.50,116.60,116.49,116.52,217
2016.12.29 21:30,116.54,116.56,116.43,116.50,256
2016.12.29 22:00,116.49,116.63,116.49,116.53,112
2016.12.29 22:30,116.54,116.67,116.49,116.62,286
2016.12.30 16:30,116.87,117.10,115.99,116.11,2359
2016.12.30 17:00,116.10,116.33,115.98,116.09,1434
2016.12.30 17:30,116.10,116.22,115.95,116.11,395
2016.12.30 18:00,116.11,116.34,116.08,116.31,288
2016.12.30 18:30,116.30,116.44,116.23,116.24,227
2016.12.30 19:00,116.23,116.26,115.48,115.80,1158
2016.12.30 19:30,115.81,115.90,115.50,115.62,724
2016.12.30 20:00,115.61,115.84,115.37,115.73,387
2016.12.30 20:30,115.74,115.78,115.47,115.57,210
2016.12.30 21:00,115.57,115.62,115.45,115.48,164
2016.12.30 21:30,115.47,115.62,115.38,115.47,268
2016.12.30 22:00,115.47,115.65,115.45,115.65,322
2016.12.30 22:30,115.66,115.89,115.34,115.76,851
2017.01.03 16:30,115.80,116.21,114.67,115.58,3022
2017.01.03 17:00,115.57,115.73,115.31,115.60,1375
2017.01.03 17:30,115.60,115.68,115.31,115.36,531
2017.01.03 18:00,115.36,115.58,115.22,115.26,568
2017.01.03 18:30,115.25,115.43,115.03,115.29,1007
2017.01.03 19:00,115.30,115.43,115.17,115.29,610
2017.01.03 19:30,115.28,115.38,115.18,115.37,450
2017.01.03 20:00,115.38,115.42,115.27,115.31,254
2017.01.03 20:30,115.32,115.34,115.14,115.14,216
2017.01.03 21:00,115.15,115.27,115.06,115.27,190
2017.01.03 21:30,115.29,115.36,115.27,115.34,158
2017.01.03 22:00,115.35,115.54,115.34,115.38,171
2017.01.03 22:30,115.38,116.00,115.30,115.99,730
2017.01.04 16:30,116.14,116.40,116.03,116.17,1361
2017.01.04 17:00,116.18,116.30,115.96,115.99,581
2017.01.04 17:30,115.99,116.08,115.77,115.86,502
2017.01.04 18:00,115.87,115.99,115.81,115.96,288
2017.01.04 18:30,115.97,116.28,115.96,116.27,222
2017.01.04 19:00,116.28,116.28,116.03,116.06,303
2017.01.04 19:30,116.04,116.11,115.95,116.04,126
2017.01.04 20:00,116.05,116.10,116.00,116.07,118
2017.01.04 20:30,116.06,116.17,116.05,116.12,157
2017.01.04 21:00,116.13,116.20,115.96,116.14,419
2017.01.04 21:30,116.23,116.24,115.95,115.97,244
2017.01.04 22:00,115.96,116.04,115.89,115.92,163
2017.01.04 22:30,115.91,115.99,115.81,115.92,562
2017.01.05 16:30,115.90,116.82,115.90,116.58,1502
2017.01.05 17:00,116.59,116.73,116.24,116.46,835
2017.01.05 17:30,116.47,116.48,115.99,116.25,636
2017.01.05 18:00,116.24,116.30,115.93,115.96,677
2017.01.05 18:30,116.05,116.23,115.85,116.20,570
2017.01.05 19:00,116.21,116.48,116.12,116.42,530
2017.01.05 19:30,116.41,116.72,116.35,116.60,334
2017.01.05 20:00,116.59,116.59,116.25,116.30,346
2017.01.05 20:30,116.31,116.47,116.25,116.39,217
2017.01.05 21:00,116.40,116.52,116.36,116.38,230
2017.01.05 21:30,116.37,116.38,116.21,116.22,186
2017.01.05 22:00,116.21,116.57,116.20,116.56,263
2017.01.05 22:30,116.57,116.66,116.49,116.51,399
2017.01.06 16:30,116.41,117.60,116.38,117.59,1873
2017.01.06 17:00,117.59,117.69,117.36,117.44,732
2017.01.06 17:30,117.45,117.69,117.31,117.53,610
2017.01.06 18:00,117.53,117.84,117.41,117.79,656
2017.01.06 18:30,117.80,117.87,117.65,117.84,507
2017.01.06 19:00,117.83,118.06,117.80,118.00,254
2017.01.06 19:30,118.01,118.03,117.72,117.81,429
2017.01.06 20:00,117.80,117.82,117.56,117.70,458
2017.01.06 20:30,117.71,117.87,117.61,117.74,357
2017.01.06 21:00,117.75,118.06,117.74,117.93,405
2017.01.06 21:30,117.94,118.07,117.86,117.87,332
2017.01.06 22:00,117.86,118.07,117.84,117.89,404
2017.01.06 22:30,117.89,117.92,117.72,117.81,335
2017.01.09 16:30,118.22,119.19,118.08,118.96,2036
2017.01.09 17:00,118.95,119.19,118.68,118.98,937
2017.01.09 17:30,118.97,119.19,118.82,119.06,485
2017.01.09 18:00,119.05,119.33,118.97,119.12,418
2017.01.09 18:30,119.11,119.12,118.82,118.88,272
2017.01.09 19:00,118.87,119.04,118.75,119.00,319
2017.01.09 19:30,118.99,119.10,118.85,119.08,341
2017.01.09 20:00,119.09,119.12,118.94,118.94,262
2017.01.09 20:30,118.93,119.00,118.91,118.96,234
2017.01.09 21:00,118.95,118.95,118.69,118.82,218
2017.01.09 21:30,118.82,119.00,118.63,118.98,330
2017.01.09 22:00,118.98,119.19,118.98,119.16,314
2017.01.09 22:30,119.17,119.28,118.88,118.91,400
2017.01.10 16:30,118.72,118.92,118.21,118.69,1728
2017.01.10 17:00,118.68,118.85,118.51,118.54,705
2017.01.10 17:30,118.55,118.80,118.42,118.65,625
2017.01.10 18:00,118.66,119.16,118.65,119.14,278
2017.01.10 18:30,119.13,119.28,119.05,119.05,344
2017.01.10 19:00,119.06,119.22,119.06,119.16,253
2017.01.10 19:30,119.15,119.19,118.99,119.03,144
2017.01.10 20:00,119.04,119.08,118.91,118.97,138
2017.01.10 20:30,118.96,119.09,118.71,118.74,307
2017.01.10 21:00,118.73,119.03,118.68,118.95,413
2017.01.10 21:30,118.93,119.14,118.90,118.98,197
2017.01.10 22:00,118.99,118.99,118.83,118.91,176
2017.01.10 22:30,118.92,119.18,118.92,119.01,372
2017.01.11 16:30,118.70,119.26,118.66,119.06,1210
2017.01.11 17:00,119.06,119.06,118.74,118.90,491
2017.01.11 17:30,118.89,119.03,118.83,118.88,496
2017.01.11 18:00,118.88,119.05,118.67,118.74,839
2017.01.11 18:30,118.72,118.99,118.52,118.96,2107
2017.01.11 19:00,118.97,118.99,118.64,118.88,1055
2017.01.11 19:30,118.89,118.91,118.66,118.86,633
2017.01.11 20:00,118.85,118.87,118.52,118.57,768
2017.01.11 20:30,118.57,118.91,118.51,118.83,641
2017.01.11 21:00,118.84,119.23,118.82,119.13,444
2017.01.11 21:30,119.14,119.74,119.12,119.73,535
2017.01.11 22:00,119.73,119.83,119.53,119.74,355
2017.01.11 22:30,119.75,119.79,119.56,119.65,372
2017.01.12 16:30,118.93,119.09,118.55,118.74,1779
2017.01.12 17:00,118.75,118.88,118.24,118.68,1357
2017.01.12 17:30,118.69,118.73,118.26,118.28,861
2017.01.12 18:00,118.27,118.53,118.11,118.48,914
2017.01.12 18:30,118.49,118.69,118.36,118.56,522
2017.01.12 19:00,118.57,118.73,118.52,118.65,470
2017.01.12 19:30,118.66,118.90,118.65,118.84,351
2017.01.12 20:00,118.85,119.01,118.72,118.81,491
2017.01.12 20:30,118.82,118.93,118.77,118.80,330
2017.01.12 21:00,118.81,118.88,118.72,118.80,253
2017.01.12 21:30,118.81,118.95,118.76,118.91,301
2017.01.12 22:00,118.90,118.91,118.66,118.88,254
2017.01.12 22:30,118.89,119.18,118.84,119.15,630
2017.01.13 16:30,119.17,119.57,119.03,119.13,1666
2017.01.13 17:00,119.11,119.27,118.94,119.02,737
2017.01.13 17:30,119.03,119.05,118.77,118.88,361
2017.01.13 18:00,118.89,119.01,118.79,118.98,191
2017.01.13 18:30,118.99,119.14,118.96,119.03,193
2017.01.13 19:00,119.01,119.01,118.74,118.81,316
2017.01.13 19:30,118.82,119.06,118.82,119.02,229
2017.01.13 20:00,119.02,119.12,118.96,118.97,233
2017.01.13 20:30,118.96,119.00,118.91,118.92,128
2017.01.13 21:00,118.92,118.96,118.74,118.75,237
2017.01.13 21:30,118.76,119.08,118.72,118.95,230
2017.01.13 22:00,118.94,118.95,118.76,118.80,135
2017.01.13 22:30,118.80,118.94,118.72,118.94,466
2017.01.17 16:30,118.60,119.68,118.60,119.48,2454
2017.01.17 17:00,119.47,119.82,119.46,119.81,1167
2017.01.17 17:30,119.82,119.87,119.72,119.86,544
2017.01.17 18:00,119.86,119.90,119.55,119.85,683
2017.01.17 18:30,119.84,120.14,119.80,119.96,692
2017.01.17 19:00,119.95,119.97,119.73,119.87,597
2017.01.17 19:30,119.88,119.88,119.68,119.72,460
2017.01.17 20:00,119.72,119.90,119.71,119.88,418
2017.01.17 20:30,119.89,119.95,119.79,119.87,270
2017.01.17 21:00,119.86,119.92,119.75,119.80,412
2017.01.17 21:30,119.79,119.82,119.49,119.75,613
2017.01.17 22:00,119.76,119.83,119.61,119.70,484
2017.01.17 22:30,119.71,119.90,119.67,119.90,670
2017.01.18 16:30,120.30,120.40,119.90,120.15,3189
2017.01.18 17:00,120.14,120.16,119.63,119.81,1460
2017.01.18 17:30,119.80,120.04,119.78,119.90,776
2017.01.18 18:00,119.89,119.99,119.81,119.90,517
2017.01.18 18:30,119.91,119.93,119.73,119.77,381
2017.01.18 19:00,119.76,119.92,119.73,119.84,362
2017.01.18 19:30,119.85,119.95,119.80,119.80,368
2017.01.18 20:00,119.79,119.90,119.77,119.87,302
2017.01.18 20:30,119.88,119.97,119.87,119.89,274
2017.01.18 21:00,119.89,119.98,119.89,119.96,316
2017.01.18 21:30,119.96,119.99,119.87,119.98,257
2017.01.18 22:00,119.97,120.15,119.90,119.99,385
2017.01.18 22:30,119.99,119.99,119.87,119.88,474
2017.01.19 16:30,119.62,119.95,119.44,119.93,2184
2017.01.19 17:00,119.93,119.95,119.54,119.67,1358
2017.01.19 17:30,119.66,119.81,119.61,119.76,513
2017.01.19 18:00,119.75,119.94,119.62,119.92,882
2017.01.19 18:30,119.92,119.99,119.81,119.92,553
2017.01.19 19:00,119.91,119.93,119.77,119.88,400
2017.01.19 19:30,119.89,119.90,119.69,119.74,304
2017.01.19 20:00,119.75,119.75,119.62,119.65,387
2017.01.19 20:30,119.64,119.72,119.59,119.71,308
2017.01.19 21:00,119.70,119.79,119.42,119.59,934
2017.01.19 21:30,119.60,119.67,119.45,119.48,457
2017.01.19 22:00,119.49,119.65,119.43,119.59,418
2017.01.19 22:30,119.59,119.68,119.49,119.67,791
2017.01.20 16:30,120.00,120.26,119.85,120.02,2987
2017.01.20 17:00,120.02,120.05,119.74,119.86,1294
2017.01.20 17:30,119.87,120.02,119.83,120.00,585
2017.01.20 18:00,120.01,120.06,119.89,119.89,776
2017.01.20 18:30,119.90,120.06,119.90,120.00,671
2017.01.20 19:00,120.01,120.08,119.75,119.83,2702
2017.01.20 19:30,119.83,119.87,119.67,119.72,1747
2017.01.20 20:00,119.73,119.91,119.70,119.86,664
2017.01.20 20:30,119.87,119.89,119.72,119.72,324
2017.01.20 21:00,119.72,119.82,119.64,119.74,471
2017.01.20 21:30,119.75,119.84,119.65,119.80,524
2017.01.20 22:00,119.81,119.88,119.75,119.80,553
2017.01.20 22:30,119.80,119.92,119.76,119.90,602
2017.01.23 16:30,120.12,120.71,120.06,120.14,1659
2017.01.23 17:00,120.15,120.38,120.03,120.24,1430
2017.01.23 17:30,120.23,120.23,119.74,119.79,1124
2017.01.23 18:00,119.80,119.89,119.68,119.81,572
2017.01.23 18:30,119.82,119.94,119.68,119.83,792
2017.01.23 19:00,119.84,119.97,119.79,119.90,864
2017.01.23 19:30,119.91,120.04,119.86,119.93,609
2017.01.23 20:00,119.93,119.99,119.87,119.89,540
2017.01.23 20:30,119.90,120.08,119.89,119.97,1057
2017.01.23 21:00,119.96,120.02,119.86,119.91,733
2017.01.23 21:30,119.92,120.03,119.88,119.94,414
2017.01.23 22:00,119.95,119.99,119.90,119.94,430
2017.01.23 22:30,119.95,120.11,119.92,120.00,439
2017.01.24 16:30,119.62,120.00,119.57,119.89,1787
2017.01.24 17:00,119.90,119.93,119.78,119.86,1008
2017.01.24 17:30,119.87,119.93,119.80,119.84,1110
2017.01.24 18:00,119.85,120.00,119.84,119.87,800
2017.01.24 18:30,119.88,119.95,119.85,119.88,515
2017.01.24 19:00,119.89,119.98,119.86,119.91,461
2017.01.24 19:30,119.92,119.92,119.78,119.87,236
2017.01.24 20:00,119.88,119.97,119.85,119.90,233
2017.01.24 20:30,119.91,120.00,119.90,119.91,381
2017.01.24 21:00,119.92,119.98,119.86,119.88,390
2017.01.24 21:30,119.88,120.03,119.87,119.92,381
2017.01.24 22:00,119.93,119.98,119.89,119.93,429
2017.01.24 22:30,119.92,119.94,119.81,119.88,291
2017.01.25 16:30,120.63,121.15,120.49,121.03,2042
2017.01.25 17:00,121.02,121.46,120.93,121.39,1301
2017.01.25 17:30,121.39,121.59,121.29,121.37,457
2017.01.25 18:00,121.38,121.48,121.25,121.28,442
2017.01.25 18:30,121.28,121.29,121.04,121.19,414
2017.01.25 19:00,121.19,121.30,121.15,121.27,251
2017.01.25 19:30,121.28,121.55,121.28,121.52,230
2017.01.25 20:00,121.53,121.64,121.49,121.64,224
2017.01.25 20:30,121.65,121.90,121.59,121.89,489
2017.01.25 21:00,121.90,121.90,121.65,121.75,277
2017.01.25 21:30,121.75,121.87,121.60,121.84,293
2017.01.25 22:00,121.85,122.00,121.76,121.89,419
2017.01.25 22:30,121.89,121.90,121.73,121.80,417
2017.01.26 16:30,121.61,122.34,121.61,121.93,2298
2017.01.26 17:00,121.94,122.02,121.56,121.61,1348
2017.01.26 17:30,121.60,121.81,121.60,121.73,883
2017.01.26 18:00,121.74,121.79,121.51,121.62,1069
2017.01.26 18:30,121.62,121.83,121.59,121.73,598
2017.01.26 19:00,121.72,121.93,121.56,121.70,547
2017.01.26 19:30,121.71,121.85,121.69,121.80,393
2017.01.26 20:00,121.81,121.90,121.78,121.80,369
2017.01.26 20:30,121.81,121.90,121.77,121.89,274
2017.01.26 21:00,121.90,122.02,121.89,121.98,442
2017.01.26 21:30,121.98,122.00,121.80,121.85,291
2017.01.26 22:00,121.86,121.96,121.86,121.88,342
2017.01.26 22:30,121.89,121.96,121.78,121.83,559
2017.01.27 16:30,121.89,122.24,121.77,122.08,2862
2017.01.27 17:00,122.09,122.17,121.90,122.01,1288
2017.01.27 17:30,122.02,122.08,121.86,121.89,674
2017.01.27 18:00,121.90,121.96,121.85,121.91,440
2017.01.27 18:30,121.92,121.94,121.87,121.89,452
2017.01.27 19:00,121.89,122.00,121.88,121.91,321
2017.01.27 19:30,121.91,121.91,121.78,121.87,290
2017.01.27 20:00,121.88,121.91,121.86,121.87,267
2017.01.27 20:30,121.88,121.90,121.68,121.69,358
2017.01.27 21:00,121.69,121.69,121.51,121.64,378
2017.01.27 21:30,121.64,121.72,121.62,121.65,193
2017.01.27 22:00,121.65,121.70,121.60,121.63,177
2017.01.27 22:30,121.64,121.87,121.62,121.64,282
2017.01.30 16:30,120.82,121.26,120.56,120.81,4293
2017.01.30 17:00,120.82,121.09,120.82,120.98,1401
2017.01.30 17:30,120.98,121.06,120.88,121.03,824
2017.01.30 18:00,121.04,121.20,120.95,121.17,396
2017.01.30 18:30,121.17,121.18,121.03,121.17,330
2017.01.30 19:00,121.17,121.19,121.06,121.16,302
2017.01.30 19:30,121.16,121.18,121.03,121.08,287
2017.01.30 20:00,121.09,121.16,121.06,121.09,265
2017.01.30 20:30,121.10,121.13,121.01,121.07,261
2017.01.30 21:00,121.08,121.15,121.03,121.12,252
2017.01.30 21:30,121.13,121.18,121.10,121.16,208
2017.01.30 22:00,121.17,121.18,121.03,121.05,285
2017.01.30 22:30,121.06,121.52,121.01,121.48,661
2017.01.31 16:30,121.03,121.30,120.76,121.06,3272
2017.01.31 17:00,121.07,121.09,120.74,120.83,1052
2017.01.31 17:30,120.84,120.93,120.62,120.83,1154
2017.01.31 18:00,120.83,121.11,120.81,120.89,834
2017.01.31 18:30,120.90,121.13,120.85,121.03,964
2017.01.31 19:00,121.02,121.09,120.92,121.09,381
2017.01.31 19:30,121.10,121.12,121.00,121.02,247
2017.01.31 20:00,121.03,121.07,120.81,120.87,471
2017.01.31 20:30,120.88,120.89,120.55,120.58,296
2017.01.31 21:00,120.59,120.81,120.53,120.70,369
2017.01.31 21:30,120.69,120.95,120.63,120.87,361
2017.01.31 22:00,120.88,121.07,120.83,120.98,385
2017.01.31 22:30,120.97,121.13,120.97,121.10,553
2017.02.01 16:30,127.22,128.09,126.77,127.92,5985
2017.02.01 17:00,127.93,128.10,127.54,127.89,2583
2017.02.01 17:30,127.88,128.30,127.87,128.03,1960
2017.02.01 18:00,128.04,128.34,127.72,127.91,1751
2017.02.01 18:30,127.92,128.19,127.92,128.18,1724
2017.02.01 19:00,128.19,128.68,128.18,128.66,1021
2017.02.01 19:30,128.67,129.36,128.67,129.08,1632
2017.02.01 20:00,129.08,129.29,128.94,129.13,1464
2017.02.01 20:30,129.12,129.19,128.80,128.84,1305
2017.02.01 21:00,128.83,129.82,128.81,129.82,1625
2017.02.01 21:30,129.82,129.99,129.48,129.81,1636
2017.02.01 22:00,129.82,130.31,129.68,129.74,1540
2017.02.01 22:30,129.75,129.76,128.59,128.59,1773
2017.02.02 16:30,128.13,129.15,128.05,128.54,3631
2017.02.02 17:00,128.54,128.58,128.03,128.49,2133
2017.02.02 17:30,128.50,128.58,128.18,128.45,970
2017.02.02 18:00,128.44,128.49,127.99,128.12,1070
2017.02.02 18:30,128.11,128.14,127.71,127.77,1034
2017.02.02 19:00,127.76,127.80,127.55,127.74,1096
2017.02.02 19:30,127.75,128.22,127.74,128.04,815
2017.02.02 20:00,128.05,128.11,127.80,127.91,517
2017.02.02 20:30,127.90,128.09,127.84,128.01,679
2017.02.02 21:00,128.01,128.13,127.69,127.71,619
2017.02.02 21:30,127.71,127.98,127.67,127.97,723
2017.02.02 22:00,127.96,128.08,127.90,128.05,779
2017.02.02 22:30,128.05,128.31,128.05,128.28,823
2017.02.03 16:30,128.32,128.86,127.93,128.78,2358
2017.02.03 17:00,128.79,128.95,128.58,128.79,1540
2017.02.03 17:30,128.80,128.84,128.44,128.47,946
2017.02.03 18:00,128.48,128.68,128.29,128.34,643
2017.02.03 18:30,128.33,128.41,128.11,128.19,600
2017.02.03 19:00,128.20,128.36,128.14,128.26,412
2017.02.03 19:30,128.27,128.28,128.18,128.21,285
2017.02.03 20:00,128.22,128.27,128.13,128.24,293
2017.02.03 20:30,128.24,128.27,128.11,128.22,490
2017.02.03 21:00,128.23,128.33,128.22,128.26,348
2017.02.03 21:30,128.29,128.49,128.29,128.45,374
2017.02.03 22:00,128.45,128.74,128.41,128.64,486
2017.02.03 22:30,128.65,128.88,128.60,128.82,826
2017.02.06 16:30,128.94,129.88,128.93,129.88,1838
2017.02.06 17:00,129.88,130.23,129.75,130.20,1311
2017.02.06 17:30,130.21,130.21,129.88,129.88,1110
2017.02.06 18:00,129.88,130.03,129.87,129.98,656
2017.02.06 18:30,129.97,129.99,129.65,129.80,756
2017.02.06 19:00,129.80,129.96,129.78,129.93,533
2017.02.06 19:30,129.92,130.21,129.89,130.19,452
2017.02.06 20:00,130.20,130.26,130.04,130.09,544
2017.02.06 20:30,130.09,130.10,129.87,129.94,841
2017.02.06 21:00,129.95,130.01,129.89,129.91,529
2017.02.06 21:30,129.91,130.11,129.82,130.06,634
2017.02.06 22:00,130.06,130.06,129.86,129.95,641
2017.02.06 22:30,129.96,130.13,129.94,130.08,588
